serial,name,value,notes
244,CC_immersion_factor,"[1.368, 1.41, 1.365, 1.354, 1.372, 1.322, 1.347]",
244,CC_offset,"[2148078531.5, 2147019009.0, 2147345027.7, 2146948428.5, 2147499272.4, 2148091136.4, 2147255743.9]",
244,CC_scale,"[2.08049041761e-07, 2.08753771847e-07, 2.02788605788e-07, 2.0123158727e-07, 1.94141380175e-07, 2.08328250766e-07, 2.09637358885e-07]",
