serial,name,value,notes
292,CC_immersion_factor,"[1.368, 1.41, 1.365, 1.354, 1.372, 1.322, 1.347]",
292,CC_offset,"[2147948129.8, 2147247034.5, 2147937322.3, 2148028553.0, 2147634092.8, 2147618002.4, 2147475867.8]",
292,CC_scale,"[2.10244592101e-07, 2.07198666341e-07, 2.11260990816e-07, 2.05567455432e-07, 2.00011424264e-07, 1.9540225902e-07, 2.02334356649e-07]",
