serial,name,value,notes
294,CC_immersion_factor,"[1.368, 1.410, 1.365, 1.354, 1.372, 1.322, 1.347]",date in filename comes from latest caldate within factory calfile DI7294F.cal
294,CC_offset,"[2147562274.0, 2146938609.3, 2146938157.8, 2147147720.9, 2147768347.9, 2147145915.0, 2147943994.3]",
294,CC_scale,"[2.1341194812e-007, 2.06616362983e-007, 2.10493919102e-007, 2.08819070316e-007, 2.18322963908e-007, 2.20090177854e-007, 2.0464558423e-007]",
