serial,name,value,notes
248,CC_immersion_factor,"[1.368, 1.410, 1.365, 1.354, 1.372, 1.322, 1.347]",date in filename comes from latest caldate within factory calfile DI7248I.cal
248,CC_offset,"[2147564002.3, 2146796532.2, 2147915611.4, 2147737550.2, 2147047841.3, 2147188109.2, 2147801251.7]",
248,CC_scale,"[2.04129202788e-007, 2.04616459474e-007, 2.05889318227e-007, 2.04822647638e-007, 2.09955213724e-007, 2.08274093151e-007, 1.9947872158e-007]",
