serial,name,value,notes
300,CC_immersion_factor,"[1.368, 1.410, 1.365, 1.354, 1.372, 1.322, 1.347]", source_file DI7300D.cal
300,CC_offset,"[2147414743.0, 2147829905.6, 2147304692.6, 2147166042.3, 2147849853.8, 2147310061.2, 2147600132.5]",
300,CC_scale,"[2.15543103666e-007, 2.04252587953e-007, 2.20553043322e-007, 2.12963413931e-007, 2.10820535126e-007, 2.03439292842e-007, 1.8779175822e-007]",
