serial,name,value,notes
229,CC_immersion_factor,"[1.368, 1.410, 1.365, 1.354, 1.372, 1.322, 1.347]", source_file SPKIR-B_OCR-507_SN_229_Calibration_Files_2023-10-09.zip > DI7229E.cal
229,CC_offset,"[2147384957.0, 2147989722.3, 2146845768.3, 2147473717.2, 2147243976.4, 2147528082.0, 2147953436.2]",
229,CC_scale,"[2.0662318233e-007, 1.98948791825e-007, 1.95823013043e-007, 2.13668730988e-007, 2.21269928297e-007, 2.13475333296e-007, 2.21499210255e-007]",
