serial,name,value,notes
276,CC_immersion_factor,"[1.368, 1.410, 1.365, 1.354, 1.372, 1.322, 1.347]", source_file SPKIR-B_OCR-507_SN_276_Calibration_Files_2023-10-09.zip > DI7276E.cal
276,CC_offset,"[2147387648.0, 2147594185.1, 2147376309.4, 2148294672.8, 2147517049.4, 2147546561.8, 2147730001.3]",
276,CC_scale,"[2.16856023239e-007, 2.11712735149e-007, 2.26020154262e-007, 2.03897031263e-007, 2.19527621514e-007, 2.15413016456e-007, 2.04119521784e-007]",
