serial,name,value,notes
250,CC_immersion_factor,"[1.368, 1.410, 1.365, 1.354, 1.372, 1.322, 1.347]",date in filename comes from latest caldate within factory calfile DI7250R.cal
250,CC_offset,"[2146991716.8, 2148203796.1, 2147528565.4, 2147058871.0, 2148431887.8, 2147090369.3, 2150131888.8]",
250,CC_scale,"[2.02199629877e-007, 1.93347727552e-007, 2.06297092637e-007, 2.09855146336e-007, 1.84752004367e-007, 1.37990191628e-007, 1.35135391544e-007]",
