serial,name,value,notes
239,CC_immersion_factor,"[1.368, 1.410, 1.365, 1.354, 1.372, 1.322, 1.347]", source_file SPKIR-B_OCR-507_SN_239_Calibration_Files_2023-10-09.zip > DI7239F.cal
239,CC_offset,"[2146748809.9, 2148138016.7, 2147069697.1, 2146764839.4, 2147325526.2, 2147291762.5, 2146963415.2]",
239,CC_scale,"[2.1704297986e-007, 2.07214762423e-007, 2.02651087915e-007, 2.03029846487e-007, 2.19034455017e-007, 2.0492851269e-007, 2.09482322294e-007]",
