serial,name,value,notes
294,CC_immersion_factor,"[1.368, 1.410, 1.365, 1.354, 1.372, 1.322, 1.347]",date in filename comes from latest caldate within factory calfile DI7294G.cal
294,CC_offset,"[2147553221.4, 2146938583.9, 2146940247.2, 2147146001.8, 2147772180.5, 2147137409.3, 2147948997.5]",
294,CC_scale,"[2.14781511453e-007, 2.11801653686e-007, 2.08760500093e-007, 2.02954932711e-007, 2.15780145266e-007, 2.20045203116e-007, 2.06763350336e-007]",
