serial,name,value,notes
290,CC_immersion_factor,"[1.368, 1.410, 1.365, 1.354, 1.372, 1.322, 1.347]", source_file SPKIR-B_OCR-507_SN_290_Calibration_Files_2024-07-18.zip > DI7290E.cal
290,CC_offset,"[2147767484.4, 2147941666.3, 2147379004.1, 2147004253.0, 2147945493.1, 2147560150.5, 2147150228.4]",
290,CC_scale,"[2.22257039486e-007, 1.96598327613e-007, 2.04103973585e-007, 2.07798036554e-007, 1.91635803326e-007, 1.95049666139e-007, 1.86232256957e-007]",
