serial,name,value,notes
270,CC_immersion_factor,"[1.368, 1.410, 1.365, 1.354, 1.372, 1.322, 1.347]", source_file SPKIR-B_OCR-507_SN_270_Calibration_2026-02-05.zip > DI7270H.cal
270,CC_offset,"[2147471819.8, 2147449626.1, 2147269901.2, 2147817057.6, 2147693865.8, 2148432731.2, 2147558076.8]",
270,CC_scale,"[2.24698515746e-007, 1.96904040703e-007, 2.02912871774e-007, 2.09266094283e-007, 2.19131158641e-007, 2.12194255309e-007, 2.12918596066e-007]",
