serial,name,value,notes
232,CC_immersion_factor,"[1.368, 1.410, 1.365, 1.354, 1.372, 1.322, 1.347]",date in filename comes from latest caldate within factory calfile DI7232j.cal
232,CC_offset,"[2147218952.4, 2147354868.5, 2147767200.7, 2147472257.4, 2147379817.6, 2146934002.5, 2147177104.1]",
232,CC_scale,"[1.97183101336e-007, 1.99745373919e-007, 2.10403492536e-007, 2.06139281615e-007, 2.10992572957e-007, 2.07296653592e-007, 2.10896656712e-007]",
