serial,name,value,notes
275,CC_immersion_factor,"[1.368, 1.410, 1.365, 1.354, 1.372, 1.322, 1.347]", source_file SPKIR-B_OCR-507_SN_275_Calibration_Files_2023-10-09.zip > DI7275F.cal
275,CC_offset,"[2147739696.4, 2147400512.3, 2147655161.0, 2147693499.5, 2147786899.1, 2147304884.3, 2147502173.7]",
275,CC_scale,"[2.01957692602e-007, 1.99670075737e-007, 2.03369275389e-007, 2.05085721393e-007, 2.09507222407e-007, 2.07403336913e-007, 2.01330311295e-007]",
