serial,name,value,notes
242,CC_immersion_factor,"[1.368, 1.410, 1.365, 1.354, 1.372, 1.322, 1.347]",date in filename comes from latest caldate within factory calfile DI7242H.cal
242,CC_offset,"[2146992696.1, 2147401735.5, 2147634760.6, 2147366770.6, 2147627047.9, 2147672423.8, 2148391219.2]",
242,CC_scale,"[2.07971863689e-007, 2.09294235608e-007, 2.0477763115e-007, 1.9559764686e-007, 2.1319384473e-007, 2.14130870571e-007, 2.0853372123e-007]",
