serial,name,value,notes
302,CC_immersion_factor,"[1.368, 1.410, 1.365, 1.354, 1.372, 1.322, 1.347]", source_file DI7302B.cal
302,CC_offset,"[2147954716.2, 2147136058.3, 2147392669.5, 2147716353.3, 2147337963.8, 2147900949.4, 2147960328.9]",
302,CC_scale,"[2.10118171154e-007, 1.9772945443e-007, 2.05809933789e-007, 2.03728337726e-007, 1.89536101027e-007, 2.18511598011e-007, 2.12856146056e-007]",
