serial,name,value,notes
297,CC_immersion_factor,"[1.368, 1.410, 1.365, 1.354, 1.372, 1.322, 1.347]",date in filename comes from latest caldate within factory calfile DI7297N.cal
297,CC_offset,"[2148367513.4, 2147318919.5, 2147557044.6, 2147436750.3, 2147501221.5, 2147248982.9, 2147349848.3]",
297,CC_scale,"[2.08328708169e-007, 2.00763172634e-007, 2.0582699894e-007, 2.05079799058e-007, 2.08801586295e-007, 2.06498451096e-007, 2.06648913464e-007]",
