serial,name,value,notes
289,CC_immersion_factor,"[1.368, 1.410, 1.365, 1.354, 1.372, 1.322, 1.347]",source_file SPKIR-B_OCR-507_SN_289_Calibration_Files_2024-07-18.zip > DI7289G.cal
289,CC_offset,"[2147006776.1, 2147191077.5, 2148077324.5, 2147672116.9, 2147294179.8, 2147606466.5, 2147372586.9]",
289,CC_scale,"[2.17875653095e-007, 2.08109379829e-007, 2.04026572552e-007, 2.11993186866e-007, 1.9562625735e-007, 2.13461976893e-007, 1.97311127635e-007]",
