serial,name,value,notes
298,CC_immersion_factor,"[1.368, 1.410, 1.365, 1.354, 1.372, 1.322, 1.347]",date in filename comes from latest caldate within factory calfile DI7298G.cal
298,CC_offset,"[2147339283.0, 2147278322.6, 2147103266.3, 2147648433.9, 2147746490.5, 2148147905.0, 2146880799.0]",
298,CC_scale,"[2.18709240146e-007, 2.06369489944e-007, 2.05069884283e-007, 2.09684602294e-007, 2.00120927343e-007, 2.22859597372e-007, 2.1577450491e-007]",
