serial,name,value,notes
231,CC_immersion_factor,"[1.368, 1.410, 1.365, 1.354, 1.372, 1.322, 1.347]",date in filename comes from latest caldate within factory calfile DI7231M.cal
231,CC_offset,"[2147774793.3, 2147204659.8, 2147508319.1, 2146991661.8, 2147451457.1, 2147144387.9, 2147290486.0]",
231,CC_scale,"[1.98983357356e-007, 1.98169463514e-007, 2.18039254425e-007, 2.14173000328e-007, 1.97345169286e-007, 1.99915019225e-007, 2.25234691016e-007]",
