serial,name,value,notes
295,CC_immersion_factor,"[1.368, 1.410, 1.365, 1.354, 1.372, 1.322, 1.347]",date in filename comes from latest caldate within factory calfile DI7295F.cal
295,CC_offset,"[2147140901.9, 2147888443.7, 2147405496.3, 2147128693.6, 2147437997.7, 2147931341.8, 2147203943.8]",
295,CC_scale,"[2.16817924646e-007, 2.08885488044e-007, 2.17186509753e-007, 2.16025568865e-007, 2.11718352056e-007, 2.16741447577e-007, 2.05430264799e-007]",
