serial,name,value,notes
243,CC_immersion_factor,"[1.368, 1.410, 1.365, 1.354, 1.372, 1.322, 1.347]",date in filename comes from latest caldate within factory calfile DI7243J.cal
243,CC_offset,"[2147155486.2, 2147561147.1, 2147550638.8, 2147047860.0, 2147445680.0, 2147873421.3, 2147605840.2]",
243,CC_scale,"[2.10479651226e-007, 2.04634391665e-007, 1.99339632394e-007, 2.00628337391e-007, 2.08731129512e-007, 1.98774051315e-007, 2.0929424178e-007]",
