serial,name,value,notes
254,CC_immersion_factor,"[1.368, 1.410, 1.365, 1.354, 1.372, 1.322, 1.347]",date in filename comes from latest caldate within factory calfile DI7254I.cal
254,CC_offset,"[2147480043.8, 2147009725.7, 2147945205.1, 2146964803.7, 2146862097.9, 2147878490.2, 2147306153.8]",
254,CC_scale,"[2.01693027335e-007, 2.00307041569e-007, 1.99615563075e-007, 2.04948716516e-007, 2.0659756068e-007, 2.10584540582e-007, 2.0748905249e-007]",
