serial,name,value,notes
295,CC_immersion_factor,"[1.368, 1.410, 1.365, 1.354, 1.372, 1.322, 1.347]",date in filename comes from latest caldate within factory calfile DI7295H.cal
295,CC_offset,"[2147125071.7, 2147882028.7, 2147418946.5, 2147128284.2, 2147431556.6, 2147930455.6, 2147207284.2]",
295,CC_scale,"[2.15030478584e-007, 2.02639102767e-007, 2.09219156746e-007, 2.09049850472e-007, 2.05874371201e-007, 2.12423161028e-007, 1.98040951216e-007]",
