serial,name,value,notes
238,CC_immersion_factor,"[1.368, 1.410, 1.365, 1.354, 1.372, 1.322, 1.347]",source_file SPKIR-B_OCR-507_SN_238_Calibration_2026-02-05.zip > DI7238G.cal
238,CC_offset,"[2147479605.3, 2147871552.7, 2147783817.3, 2147329314.0, 2146681585.3, 2147800485.9, 2147050540.3]",
238,CC_scale,"[2.1554743614e-007, 2.02244002701e-007, 2.02111344411e-007, 2.02778860126e-007, 2.09848843903e-007, 2.08536968832e-007, 2.04693332989e-007]",
