serial,name,value,notes
298,CC_immersion_factor,"[1.368, 1.410, 1.365, 1.354, 1.372, 1.322, 1.347]",date in filename comes from latest caldate within factory calfile DI7298F.cal
298,CC_offset,"[2147336298.4, 2147274511.1, 2147091936.6, 2147637557.8, 2147745938.8, 2148149973.3, 2146879937.0]",
298,CC_scale,"[2.186489134e-007, 2.06095264519e-007, 2.07759020612e-007, 2.11245048432e-007, 2.01224877532e-007, 2.23715001258e-007, 2.14567807981e-007]",
