serial,name,value,notes
270,CC_immersion_factor,"[1.368, 1.410, 1.365, 1.354, 1.372, 1.322, 1.347]", source_file SPKIR-B_OCR-507_SN_270_Calibration_Files_2023-10-09.zip > DI7270G.cal
270,CC_offset,"[2147467379.1, 2147460218.6, 2147263287.3, 2147806721.4, 2147686533.7, 2148434478.9, 2147546685.2]",
270,CC_scale,"[2.20763623464e-007, 1.9702523409e-007, 2.02466957347e-007, 2.10725136346e-007, 2.18856405158e-007, 2.11931662471e-007, 2.1643410937e-007]",
