serial,name,value,notes
294,CC_immersion_factor,"[1.368, 1.410, 1.365, 1.354, 1.372, 1.322, 1.347]",date in filename comes from latest caldate within factory calfile DI7294I.cal
294,CC_offset,"[2147559802.6, 2146928528.1, 2146938653.0, 2147143917.8, 2147777861.7, 2147141577.7, 2147950708.2]",
294,CC_scale,"[2.03593908099e-007, 2.01694384426e-007, 1.97403441744e-007, 1.97937977853e-007, 2.02347567709e-007, 2.03162310854e-007, 1.87518608854e-007]",
