serial,name,value,notes
231,CC_immersion_factor,"[1.368, 1.410, 1.365, 1.354, 1.372, 1.322, 1.347]",date in filename comes from latest caldate within factory calfile DI7231K.cal
231,CC_offset,"[2147761582.9, 2147193721.3, 2147515036.9, 2146977808.4, 2147458136.9, 2147121553.8, 2147268898.8]",
231,CC_scale,"[1.98905148256e-007, 2.01672418958e-007, 2.17870104589e-007, 2.11769540228e-007, 1.92799927007e-007, 2.02409176243e-007, 2.30367907952e-007]",
