serial,name,value,notes
232,CC_immersion_factor,"[1.368, 1.410, 1.365, 1.354, 1.372, 1.322, 1.347]",date in filename comes from latest caldate within factory calfile DI7232l.cal
232,CC_offset,"[2147221210.8, 2147348228.3, 2147764860.8, 2147468761.0, 2147372473.9, 2146949317.0, 2147179148.2]",
232,CC_scale,"[2.02112911277e-007, 2.03008919414e-007, 2.11877614908e-007, 2.08818187385e-007, 2.01131456041e-007, 2.04631109961e-007, 2.12841587955e-007]",
