serial,name,value,notes
238,CC_immersion_factor,"[1.368, 1.410, 1.365, 1.354, 1.372, 1.322, 1.347]",source_file SPKIR-B_OCR-507_SN_238_Calibration_Files_2023-12-21.zip > DI7238F
238,CC_offset,"[2147484117.6, 2147872488.0, 2147797822.8, 2147330778.3, 2146682901.7, 2147795587.8, 2147042170.9]",
238,CC_scale,"[2.13752693694e-007, 1.99301263818e-007, 2.02505083521e-007, 2.02384499568e-007, 2.10788083576e-007, 2.07550023429e-007, 2.04934931901e-007]",
