serial,name,value,notes
300,CC_immersion_factor,"[1.368, 1.410, 1.365, 1.354, 1.372, 1.322, 1.347]", source_file SPKIR-B_OCR-507_SN_300_Calibration_Files_2025-02-07.zip > DI7300E.cal
300,CC_offset,"[2147423885.5, 2147820944.7, 2147296051.9, 2147140763.7, 2147858914.8, 2147315410.1, 2147605016.2]",
300,CC_scale,"[2.11217795389e-007, 2.02556247986e-007, 2.16333337219e-007, 2.09626578911e-007, 2.0533635174e-007, 1.99229946059e-007, 2.03869043644e-007]",
