serial,name,value,notes
272,CC_immersion_factor,"[1.368, 1.410, 1.365, 1.354, 1.372, 1.322, 1.347]", source_file SPKIR-B_OCR-507_SN_272_Calibration_Files_2025-01-03.zip > DI7272G.cal
272,CC_offset,"[2147751153.1, 2148067041.4, 2147395354.7, 2147023236.3, 2147162116.3, 2147396767.3, 2147679099.7]",
272,CC_scale,"[2.16584493596e-007, 2.05472910983e-007, 2.03497121623e-007, 1.95038206324e-007, 2.21000856535e-007, 2.05981010573e-007, 2.15909892987e-007]",
