serial,name,value,notes
243,CC_immersion_factor,"[1.368, 1.410, 1.365, 1.354, 1.372, 1.322, 1.347]",date in filename comes from latest caldate within factory calfile DI7243I.cal
243,CC_offset,"[2147149524.6, 2147558390.4, 2147549530.4, 2147050147.0, 2147452982.0, 2147872347.8, 2147612137.9]",
243,CC_scale,"[2.07346943812e-007, 2.03016024057e-007, 1.99085110933e-007, 2.01626595623e-007, 2.093676307e-007, 1.98327353362e-007, 2.09562231803e-007]",
