serial,name,value,notes
249,CC_immersion_factor,"[1.368, 1.410, 1.365, 1.354, 1.372, 1.322, 1.347]",date in filename comes from latest caldate within factory calfile DI7249K.cal
249,CC_offset,"[2146946510.8, 2148005171.5, 2147286047.9, 2147887355.2, 2147426703.0, 2147744259.4, 2147587207.4]",
249,CC_scale,"[2.14201917449e-007, 2.03148925722e-007, 1.96923918228e-007, 2.06071615168e-007, 2.15453049237e-007, 2.14672055304e-007, 2.06542919424e-007]",
