serial,name,value,notes
254,CC_immersion_factor,"[1.368, 1.410, 1.365, 1.354, 1.372, 1.322, 1.347]",date in filename comes from latest caldate within factory calfile DI7254h.cal
254,CC_offset,"[2147489880.4, 2147011155.8, 2147948981.4, 2146954818.4, 2146859848.0, 2147890067.2, 2147321214.7]",
254,CC_scale,"[2.05952154969e-007, 2.01827576899e-007, 2.04151443266e-007, 2.10258034347e-007, 2.12006260734e-007, 2.14114815941e-007, 2.10199278796e-007]",
