serial,name,value,notes
274,CC_immersion_factor,"[1.368, 1.410, 1.365, 1.354, 1.372, 1.322, 1.347]", source_file SPKIR-B_OCR-507_SN_274_Calibration_Files_2024-02-07.zip > DI7274G.cal
274,CC_offset,"[2147566413.3, 2148020971.6, 2147638611.7, 2147507856.1, 2147839252.2, 2147909803.8, 2147014477.6]",
274,CC_scale,"[2.04558090451e-007, 2.02721530963e-007, 2.05755988884e-007, 2.09100318923e-007, 2.13980637693e-007, 2.04556528158e-007, 1.98295148351e-007]",
