serial,name,value,notes
296,CC_immersion_factor,"[1.368, 1.410, 1.365, 1.354, 1.372, 1.322, 1.347]",date in filename comes from latest caldate within factory calfile DI7296G.cal
296,CC_offset,"[2146718545.4, 2146941229.8, 2147362543.4, 2147613597.5, 2146927275.3, 2146815777.1, 2147077751.0]",
296,CC_scale,"[2.14424435897e-007, 2.0994147212e-007, 2.10394390286e-007, 2.17190540543e-007, 2.09024800619e-007, 2.16530415547e-007, 2.15389188317e-007]",
