serial,name,value,notes
271,CC_immersion_factor,"[1.368, 1.410, 1.365, 1.354, 1.372, 1.322, 1.347]", source_file SPKIR-B_OCR-507_SN_271_Calibration_Files_2023-10-09.zip > DI7271G.cal
271,CC_offset,"[2147723532.8, 2147664426.4, 2147602359.5, 2148085515.2, 2147743194.1, 2147634750.1, 2147571064.8]",
271,CC_scale,"[1.94375241667e-007, 2.18308035682e-007, 2.02823853107e-007, 2.13737863376e-007, 2.25630295154e-007, 2.11804855785e-007, 2.11800713741e-007]",
