serial,name,value,notes
249,CC_immersion_factor,"[1.368, 1.410, 1.365, 1.354, 1.372, 1.322, 1.347]",date in filename comes from latest caldate within factory calfile DI7249L.cal
249,CC_offset,"[2146952504.8, 2148003581.5, 2147279569.2, 2147886371.8, 2147427672.3, 2147750640.6, 2147598108.6]",
249,CC_scale,"[2.1225221321e-007, 1.97949648368e-007, 1.89192521591e-007, 1.95875643509e-007, 2.09986196893e-007, 2.09317560547e-007, 2.02667479849e-007]",
