serial,name,value,notes
296,CC_immersion_factor,"[1.368, 1.410, 1.365, 1.354, 1.372, 1.322, 1.347]",date in filename comes from latest caldate within factory calfile DI7296H.cal
296,CC_offset,"[2146730843.7, 2146948759.8, 2147373727.2, 2147612247.5, 2146928198.3, 2146815769.4, 2147087321.1]",
296,CC_scale,"[2.15772093886e-007, 2.10934494917e-007, 2.08963030054e-007, 2.13600160061e-007, 2.06691059321e-007, 2.13974024551e-007, 2.13013977775e-007]",
