serial,name,value,notes
255,CC_immersion_factor,"[1.368, 1.410, 1.365, 1.354, 1.372, 1.322, 1.347]",date in filename comes from latest caldate within factory calfile DI7255J.cal
255,CC_offset,"[2147374739.3, 2146916318.0, 2147699385.2, 2148135018.5, 2147941925.6, 2146894617.5, 2147498466.7]",
255,CC_scale,"[2.02603371374e-007, 2.02046369617e-007, 2.0510171714e-007, 2.07461860854e-007, 2.19923920252e-007, 2.04858058376e-007, 2.12444408895e-007]",
