serial,name,value,notes
288,CC_immersion_factor,"[1.368, 1.410, 1.365, 1.354, 1.372, 1.322, 1.347]",source_file SPKIR-B_OCR-507_SN_288_Calibration_Files_2024-07-25.zip > DI7288G.cal
288,CC_offset,"[2148996236.9, 2147207159.8, 2147380076.7, 2147182572.7, 2147387266.5, 2147697369.0, 2147102843.4]",
288,CC_scale,"[1.88915549989e-007, 1.84638024812e-007, 2.17100109583e-007, 1.90420888725e-007, 1.92356021992e-007, 2.04992136718e-007, 1.9513268078e-007]",
