serial,name,value,notes
297,CC_immersion_factor,"[1.368, 1.410, 1.365, 1.354, 1.372, 1.322, 1.347]",date in filename comes from latest caldate within factory calfile DI7297L.cal
297,CC_offset,"[2148377005.3, 2147320458.7, 2147553918.7, 2147435393.9, 2147504590.1, 2147242868.9, 2147338511.1]",
297,CC_scale,"[2.09938233851e-007, 2.06696641458e-007, 2.13006017915e-007, 2.11542253633e-007, 2.13667586799e-007, 2.06235516004e-007, 2.09254956084e-007]",
