serial,name,value,notes
273,CC_immersion_factor,"[1.368, 1.410, 1.365, 1.354, 1.372, 1.322, 1.347]",source_file SPKIR-B_OCR-507_SN_273_Calibration_Files_2024-07-18.zip > DI7273F.cal
273,CC_offset,"[2147431112.2, 2147304478.4, 2146979315.1, 2147310340.6, 2147938306.9, 2147823672.1, 2146926236.6]",
273,CC_scale,"[2.02145430622e-007, 1.98628126725e-007, 2.07835859093e-007, 2.00043892225e-007, 2.14090404297e-007, 2.06438176597e-007, 1.96928436534e-007]",
