serial,name,value,notes
240,CC_immersion_factor,"[1.368, 1.410, 1.365, 1.354, 1.372, 1.322, 1.347]", SPKIR-B_OCR-507_SN_240_Calibration_Files_2023-10-09.zip > DI7240F.cal
240,CC_offset,"[2147324364.6, 2147567235.5, 2147912043.9, 2147797473.1, 2147433813.2, 2147402440.9, 2147501788.0]",
240,CC_scale,"[2.17486935806e-007, 1.94488043933e-007, 2.2236145038e-007, 2.048169736e-007, 2.01832067717e-007, 2.07242429183e-007, 2.0745323873e-007]",
