serial,name,value,notes
255,CC_immersion_factor,"[1.368, 1.410, 1.365, 1.354, 1.372, 1.322, 1.347]",date in filename comes from latest caldate within factory calfile DI7255L.cal
255,CC_offset,"[2147358963.8, 2146923241.5, 2147688249.9, 2148136134.4, 2147931936.9, 2146905916.1, 2147501417.5]",
255,CC_scale,"[1.96915114139e-007, 1.97785388815e-007, 2.04216089634e-007, 2.07501485476e-007, 2.17282357967e-007, 1.98169977207e-007, 2.04144849046e-007]",
