serial,name,value,notes
254,CC_immersion_factor,"[1.368, 1.410, 1.365, 1.354, 1.372, 1.322, 1.347]",date in filename comes from latest caldate within factory calfile DI7254J.cal
254,CC_offset,"[2147461657.4, 2147005969.2, 2147928263.2, 2146957340.6, 2146856679.0, 2147850302.6, 2147286821.9]",
254,CC_scale,"[2.06961724002e-007, 2.02205176168e-007, 2.01559174004e-007, 2.04453106456e-007, 2.03284624191e-007, 2.10958873969e-007, 2.09309147464e-007]",
