serial,name,value,notes
269,CC_immersion_factor,"[1.368, 1.410, 1.365, 1.354, 1.372, 1.322, 1.347]", source_file SPKIR-B_OCR-507_SN_269_Calibration_Files_2023-12-21.zip > DI7269E
269,CC_offset,"[2147743266.1, 2148274409.4, 2147515775.3, 2146940173.3, 2146979026.0, 2146610354.6, 2147612024.4]",
269,CC_scale,"[2.1491141565e-007, 2.10755569314e-007, 2.08216097056e-007, 2.11479740319e-007, 2.23268507877e-007, 2.21992064755e-007, 2.14094908876e-007]",
