serial,name,value,notes
243,CC_immersion_factor,"[1.368, 1.410, 1.365, 1.354, 1.372, 1.322, 1.347]",date in filename comes from latest caldate within factory calfile DI7243K.cal
243,CC_offset,"[2147158211.9, 2147553235.3, 2147549157.2, 2147049095.2, 2147443423.5, 2147875367.0, 2147611548.2]",
243,CC_scale,"[2.07110251931e-007, 2.00558357425e-007, 1.94523706323e-007, 1.97054604489e-007, 2.08028729651e-007, 2.00303642654e-007, 2.08972777738e-007]",
