serial,name,value,notes
271,CC_immersion_factor,"[1.368, 1.410, 1.365, 1.354, 1.372, 1.322, 1.347]", source_file SPKIR-B_OCR-507_SN_271_Calibration_2026-02-05.zip > DI7271H.cal
271,CC_offset,"[2147753986.1, 2147658360.1, 2147555711.6, 2148087603.5, 2147769660.4, 2147652973.4, 2147601261.4]",
271,CC_scale,"[1.90323977928e-007, 2.16145656764e-007, 1.97411881827e-007, 2.05894846571e-007, 2.0954311031e-007, 2.06212894936e-007, 2.0525985228e-007]",
