serial,name,value,notes
255,CC_immersion_factor,"[1.368, 1.410, 1.365, 1.354, 1.372, 1.322, 1.347]",date in filename comes from latest caldate within factory calfile DI7255K.cal
255,CC_offset,"[2147368755.0, 2146919550.2, 2147690351.3, 2148132288.7, 2147936709.1, 2146904271.6, 2147497180.4]",
255,CC_scale,"[2.01014573036e-007, 2.01652338212e-007, 2.02816434365e-007, 2.05100054536e-007, 2.16808374884e-007, 1.99944564196e-007, 2.08081782029e-007]",
