serial,name,value,notes
230,CC_immersion_factor,"[1.368, 1.410, 1.365, 1.354, 1.372, 1.322, 1.347]",source_file SPKIR-B_OCR-507_SN_230_Calibration_Files_2024-07-18.zip > DI7230E.cal
230,CC_offset,"[2147292839.7, 2147447742.9, 2148021885.5, 2147717145.0, 2147606279.5, 2147433909.3, 2147799858.1]",
230,CC_scale,"[2.04862878791e-007, 1.96350339605e-007, 2.21057130779e-007, 2.0175415512e-007, 2.06631350795e-007, 1.95753565238e-007, 2.29406506902e-007]",
