serial,name,value,notes
296,CC_immersion_factor,"[1.368, 1.410, 1.365, 1.354, 1.372, 1.322, 1.347]",date in filename comes from latest caldate within factory calfile DI7296I.cal
296,CC_offset,"[2146729280.0, 2146943249.2, 2147384278.2, 2147612624.8, 2146922726.6, 2146815492.3, 2147095964.6]",
296,CC_scale,"[2.12454370386e-007, 2.04001563785e-007, 2.06112248118e-007, 2.09636587882e-007, 2.02359906523e-007, 2.08216999763e-007, 2.05514825083e-007]",
