serial,name,value,notes
297,CC_immersion_factor,"[1.368, 1.410, 1.365, 1.354, 1.372, 1.322, 1.347]",date in filename comes from latest caldate within factory calfile DI7297K.cal
297,CC_offset,"[2148368673.6, 2147324611.2, 2147554203.7, 2147452350.9, 2147503717.6, 2147243436.3, 2147343671.6]",
297,CC_scale,"[2.07945985745e-007, 2.03547883005e-007, 2.12229210123e-007, 2.13132546523e-007, 2.18335161112e-007, 2.08812607162e-007, 2.10492920482e-007]",
