serial,name,value,notes
242,CC_immersion_factor,"[1.368, 1.410, 1.365, 1.354, 1.372, 1.322, 1.347]",date in filename comes from latest caldate within factory calfile DI7242I.cal
242,CC_offset,"[2146995733.7, 2147398977.9, 2147639422.0, 2147368881.7, 2147636075.3, 2147665029.9, 2148411297.7]",
242,CC_scale,"[2.09984765444e-007, 2.09381157445e-007, 2.01685459449e-007, 1.93511940054e-007, 2.11539517241e-007, 2.12116569059e-007, 2.07027880752e-007]",
