serial,name,value,notes
231,CC_immersion_factor,"[1.368, 1.410, 1.365, 1.354, 1.372, 1.322, 1.347]",date in filename comes from latest caldate within factory calfile DI7231L.cal
231,CC_offset,"[2147768768.0, 2147195575.2, 2147512373.5, 2146984428.0, 2147456198.4, 2147131831.3, 2147280983.8]",
231,CC_scale,"[1.98586081497e-007, 2.02618766215e-007, 2.17139413738e-007, 2.12477729647e-007, 1.94570148265e-007, 2.00149876943e-007, 2.26569701949e-007]",
