serial,name,value,notes
299,CC_immersion_factor,"[1.368, 1.410, 1.365, 1.354, 1.372, 1.322, 1.347]", source_file SPKIR-B_OCR-507_SN_299_Calibration_Files_2024-11-06.zip > DI7299D.cal
299,CC_offset,"[2147393719.1, 2147764878.7, 2147009217.1, 2147343607.1, 2147169114.5, 2147799136.2, 2147420180.7]",
299,CC_scale,"[2.18197853764e-007, 2.02745606158e-007, 2.0575180524e-007, 2.06921531444e-007, 2.22189608826e-007, 2.15316145447e-007, 2.08428879617e-007]",
