serial,name,value,notes
237,CC_immersion_factor,"[1.368, 1.410, 1.365, 1.354, 1.372, 1.322, 1.347]",date in filename comes from latest caldate within factory calfile DI7237H.cal
237,CC_offset,"[2147747702.3, 2147478196.2, 2147820987.2, 2147385167.2, 2148073824.9, 2147411014.8, 2147483233.6]",
237,CC_scale,"[2.11054994521e-007, 1.96641837309e-007, 2.0185327736e-007, 2.05359402562e-007, 2.0809776866e-007, 2.11545337385e-007, 2.0672650379e-007]",
