serial,name,value,notes
475,CC_conc_coef,"[0, 1]",
475,CC_csv,"[2.40713e-03, 1.04631e-04, 1.90955e-06, 1.95055e02, -3.09494e-01, -5.02388e01, 3.97714]",
