serial,name,value,notes
276,CC_conc_coef,"[-9.145242e+00, 1.026466e+00]",
276,CC_csv,"[2.55032e-03, 1.07419e-04, 2.11072e-06, 3.14517e+02, -4.66793e-01, -7.39781e+01, 6.25173e+00]",
