serial,name,value,notes
476,CC_conc_coef,"[-2.039261e+00, 1.033445e+00]",
476,CC_csv,"[2.61348E-03, 1.11161E-04, 2.20777E-06, 2.06589E02, -3.03665E-01, -5.17396E01, 4.07621E00]",
