serial,name,value,notes
273,CC_conc_coef,"[0, 1]",
273,CC_csv,"[2.38606e-03,1.02490e-04,2.0101e-06,2.04710e02,-2.80428e-01,-5.26028e01,4.19450]",
