serial,name,value,notes
472,CC_conc_coef,"[-8.368864e-01, 1.025971e+00]",
472,CC_csv,"[2.45847E-03, 1.02447E-04, 2.17133E-06, 1.96530E02, -2.88624E-01, -5.32089E01, 4.07546E00]",
