serial,name,value,notes
125,CC_conc_coef,"[0.0, 1.0]",default
125,CC_csv,"[0.00262495, 0.000115814, 2.13806e-06, 188.450, -0.218191, -42.0055, 3.71697]",
