serial,name,value,notes
459,CC_conc_coef,"[0, 1]",
459,CC_csv,"[2.51287e-03, 1.07735e-04, 2.04637e-06, 1.87491e02, -2.48122e-01, -4.50239e01, 3.73822]",
