serial,name,value,notes
344,CC_conc_coef,"[0, 1]",
344,CC_csv,"[2.44804e-03,1.04847e-04,2.06724e-06,2.52798e02,-3.38558e-01,-6.57202e01,5.16321]",
