serial,name,value,notes
476,CC_conc_coef,"[0, 1]",
476,CC_csv,"[2.59883e-03, 1.10747e-04, 2.11913e-06, 2.02733e02, -2.72587e-01, -5.09011e01, 4.00617]",
