serial,name,value,notes
37-11091,CC_a0,-3.017293e-05,source_file: 3305-00116-00041-A_SN_37-11091_QCT_Results_METBK-CT.cap
37-11091,CC_a1,2.915282e-04,
37-11091,CC_a2,-3.355457e-06,
37-11091,CC_a3,1.730919e-07,
37-11091,CC_g,-9.763987e-01,
37-11091,CC_h,1.332260e-01,
37-11091,CC_i,-2.321952e-04,
37-11091,CC_j,3.478990e-05,
37-11091,CC_ctcor,3.250000e-06,
37-11091,CC_cpcor,-9.570000e-08,
37-11091,CC_wbotc,4.610894e-07,
