serial,name,value,notes
37-13543,CC_a0,-1.392550e-004,source_file: 13543.cal
37-13543,CC_a1,3.146917e-004,
37-13543,CC_a2,-5.103556e-006,
37-13543,CC_a3,2.183848e-007,
37-13543,CC_g,-9.914132e-001,
37-13543,CC_h,1.347116e-001,
37-13543,CC_i,-1.891323e-004,
37-13543,CC_j,3.297304e-005,
37-13543,CC_ctcor,3.250000e-006,
37-13543,CC_cpcor,-9.570000e-008,
37-13543,CC_wbotc,3.989240e-007,
