serial,name,value,notes
37-13546,CC_a0,-6.131989e-005,source_file: 13546.cal
37-13546,CC_a1,2.978732e-004,
37-13546,CC_a2,-3.785777e-006,
37-13546,CC_a3,1.822214e-007,
37-13546,CC_g,-1.001441e+000,
37-13546,CC_h,1.382582e-001,
37-13546,CC_i,-3.112113e-004,
37-13546,CC_j,4.326192e-005,
37-13546,CC_ctcor,3.250000e-006,
37-13546,CC_cpcor,-9.570000e-008,
37-13546,CC_wbotc,-9.270967e-008,
