serial,name,value,notes
37-11093,CC_a0,-7.764061e-05,source_file: 3305-00116-00008-A_SN_37-11093_QCT_Results_METBK-CT.cap
37-11093,CC_a1,3.062488e-04,
37-11093,CC_a2,-4.644848e-06,
37-11093,CC_a3,2.059381e-07,
37-11093,CC_g,-9.779402e-01,
37-11093,CC_h,1.365616e-01,
37-11093,CC_i,-2.118949e-04,
37-11093,CC_j,3.359812e-05,
37-11093,CC_ctcor,3.250000e-06,
37-11093,CC_cpcor,-9.570000e-08,
37-11093,CC_wbotc,4.976298e-07,
