serial,name,value,notes
37-10903,CC_a0,-5.599936e-05,source: QCT 3305-00116-00012
37-10903,CC_a1,3.033322e-04,
37-10903,CC_a2,-4.459220e-06,
37-10903,CC_a3,1.991133e-07,
37-10903,CC_g,-9.864010e-01,
37-10903,CC_h,1.370258e-01,
37-10903,CC_i,-2.580353e-04,
37-10903,CC_j,3.766474e-05,
37-10903,CC_cpcor,-9.570000e-08,
37-10903,CC_ctcor,3.250000e-06,
37-10903,CC_wbotc,3.101011e-07,
