serial,name,value,notes
37-11116,CC_a0,-1.175187e-04,source_file: 3305-00116-00005-A_SN_37-11116_QCT_Results_METBK-CT.cap
37-11116,CC_a1,3.102112e-04,
37-11116,CC_a2,-4.774256e-06,
37-11116,CC_a3,2.100676e-07,
37-11116,CC_g,-9.774540e-01,
37-11116,CC_h,1.399726e-01,
37-11116,CC_i,-2.690538e-04,
37-11116,CC_j,3.910471e-05,
37-11116,CC_ctcor,3.250000e-06,
37-11116,CC_cpcor,-9.570000e-08,
37-11116,CC_wbotc,4.407768e-07,
