serial,name,value,notes
37-10904,CC_a0,-5.916092e-05,source: QCT 3305-00116-00208
37-10904,CC_a1,3.036899e-04,
37-10904,CC_a2,-4.468610e-06,
37-10904,CC_a3,2.000197e-07,
37-10904,CC_g,-1.022376e+00,
37-10904,CC_h,1.411594e-01,
37-10904,CC_i,-2.388206e-04,
37-10904,CC_j,3.747731e-05,
37-10904,CC_cpcor,-9.570000e-08,
37-10904,CC_ctcor,3.250000e-06,
37-10904,CC_wbotc,6.803412e-07,
