serial,name,value,notes
37-11090,CC_a0,-9.621585e-05,source_file: 3305-00116-00051-A_SN_37-11090_QCT_Results_METBK-CT.txt
37-11090,CC_a1,3.062905e-04,
37-11090,CC_a2,-4.489628e-06,
37-11090,CC_a3,2.008684e-07,
37-11090,CC_g,-9.782233e-01,
37-11090,CC_h,1.391695e-01,
37-11090,CC_i,-1.296084e-04,
37-11090,CC_j,2.866036e-05,
37-11090,CC_ctcor,3.250000e-06,
37-11090,CC_cpcor,-9.570000e-08,
37-11090,CC_wbotc,2.827399e-07,
