serial,name,value,notes
37-13468,CC_a0,-1.138549e-04,source: QCT 3305-00116-00142
37-13468,CC_a1,3.046392e-04,
37-13468,CC_a2,-4.111132e-06,
37-13468,CC_a3,1.931039e-07,
37-13468,CC_g,-9.872762e-01,
37-13468,CC_h,1.373217e-01,
37-13468,CC_i,-2.126824e-04,
37-13468,CC_j,3.556225e-05,
37-13468,CC_cpcor,-9.570000e-08,
37-13468,CC_ctcor,3.250000e-06,
37-13468,CC_wbotc,1.552126e-07,
