serial,name,value,notes
37-11116,CC_a0,-9.850965e-005,source_file: 11116.cal
37-11116,CC_a1,3.056886e-004,
37-11116,CC_a2,-4.416191e-006,
37-11116,CC_a3,2.006340e-007,
37-11116,CC_g,-9.771450e-001,
37-11116,CC_h,1.399606e-001,
37-11116,CC_i,-2.949293e-004,
37-11116,CC_j,4.269680e-005,
37-11116,CC_ctcor,3.250000e-006,
37-11116,CC_cpcor,-9.570000e-008,
37-11116,CC_wbotc,4.407768e-007,
