serial,name,value,notes
37-11117,CC_a0,-1.212904e-04,source_file: 3305-00116-00087-A_SN_37-11117_QCT_Results_METBK-CT.cap
37-11117,CC_a1,3.122905e-04,
37-11117,CC_a2,-4.999824e-06,
37-11117,CC_a3,2.159871e-07,
37-11117,CC_g,-9.926501e-01,
37-11117,CC_h,1.350909e-01,
37-11117,CC_i,-3.397668e-04,
37-11117,CC_j,4.311656e-05,
37-11117,CC_ctcor,3.250000e-06,
37-11117,CC_cpcor,-9.570000e-08,
37-11117,CC_wbotc,4.601398e-07,
