serial,name,value,notes
37-10906,CC_a0,-9.305563e-05,source: QCT 3305-00116-00083
37-10906,CC_a1,3.037806e-04,
37-10906,CC_a2,-4.298037e-06,
37-10906,CC_a3,1.984078e-07,
37-10906,CC_g,-9.789713e-01,
37-10906,CC_h,1.364882e-01,
37-10906,CC_i,-2.231743e-04,
37-10906,CC_j,3.535074e-05,
37-10906,CC_cpcor,-9.570000e-08,
37-10906,CC_ctcor,3.250000e-06,
37-10906,CC_wbotc,5.593731e-07,
