serial,name,value,notes
37SM61212-8028,CC_a0,-1.021400e-004,source_file: 8028.cal
37SM61212-8028,CC_a1,3.073363e-004,
37SM61212-8028,CC_a2,-4.523865e-006,
37SM61212-8028,CC_a3,2.010804e-007,
37SM61212-8028,CC_g,-1.033136e+000,
37SM61212-8028,CC_h,1.404883e-001,
37SM61212-8028,CC_i,-9.664900e-006,
37SM61212-8028,CC_j,2.180445e-005,
37SM61212-8028,CC_ctcor,3.250000e-006,
37SM61212-8028,CC_cpcor,-9.570000e-008,
37SM61212-8028,CC_wbotc,0.000000e+000,
