serial,name,value,notes
37-13468,CC_a0,-1.386777e-04,source: QCT 3305-00116-00209
37-13468,CC_a1,3.106167e-04,
37-13468,CC_a2,-4.590514e-06,
37-13468,CC_a3,2.059033e-07,
37-13468,CC_g,-9.875441e-01,
37-13468,CC_h,1.374193e-01,
37-13468,CC_i,-2.300506e-04,
37-13468,CC_j,3.337267e-05,
37-13468,CC_cpcor,-9.570000e-08,
37-13468,CC_ctcor,3.250000e-06,
37-13468,CC_wbotc,1.552126e-07,
