serial,name,value,notes
37-13469,CC_a0,-2.279476e-005,source: 13469.cal
37-13469,CC_a1,2.844893e-004,
37-13469,CC_a2,-2.651978e-006,
37-13469,CC_a3,1.551255e-007,
37-13469,CC_g,-9.720659e-001,
37-13469,CC_h,1.331740e-001,
37-13469,CC_i,-4.519709e-005,
37-13469,CC_j,2.137178e-005,
37-13469,CC_cpcor,-9.570000e-008,
37-13469,CC_ctcor,3.250000e-006,
37-13469,CC_wbotc,2.776292e-007,
