serial,name,value,notes
37-10904,CC_a0,-3.874025e-05,source: QCT 3305-00116-00119
37-10904,CC_a1,2.988479e-04,
37-10904,CC_a2,-4.086607e-06,
37-10904,CC_a3,1.899905e-07,
37-10904,CC_g,-1.023964e+00,
37-10904,CC_h,1.414491e-01,
37-10904,CC_i,-2.709031e-04,
37-10904,CC_j,4.011205e-05,
37-10904,CC_cpcor,-9.570000e-08,
37-10904,CC_ctcor,3.250000e-06,
37-10904,CC_wbotc,6.803412e-07,
