serial,name,value,notes
37-10905,CC_a0,-1.637340e-04,source: QCT 3305-00116-00201
37-10905,CC_a1,3.224353e-04,
37-10905,CC_a2,-5.786151e-06,
37-10905,CC_a3,2.357435e-07,
37-10905,CC_g,-9.838638e-01,
37-10905,CC_h,1.345300e-01,
37-10905,CC_i,-2.941589e-04,
37-10905,CC_j,4.080436e-05,
37-10905,CC_cpcor,-9.570000e-08,
37-10905,CC_ctcor,3.250000e-06,
37-10905,CC_wbotc,4.306288e-07,
