serial,name,value,notes
37-10906,CC_a0,-1.030606e-04,source: QCT 3305-00116-00011
37-10906,CC_a1,3.059972e-04,
37-10906,CC_a2,-4.460791e-06,
37-10906,CC_a3,2.023694e-07,
37-10906,CC_g,-9.788475e-01,
37-10906,CC_h,1.364905e-01,
37-10906,CC_i,-2.269128e-04,
37-10906,CC_j,3.536941e-05,
37-10906,CC_cpcor,-9.570000e-08,
37-10906,CC_ctcor,3.250000e-06,
37-10906,CC_wbotc,5.593731e-07,
