serial,name,value,notes
37-11093,CC_a0,-9.252910e-005,source_file: METBK-CT_SN_37-11093_Calibration_Files_2015-12-19.zip > cal pdfs
37-11093,CC_a1,3.096913e-004,
37-11093,CC_a2,-4.909858e-006,
37-11093,CC_a3,2.127287e-007,
37-11093,CC_g,-9.774988e-001,
37-11093,CC_h,1.364294e-001,
37-11093,CC_i,-1.895522e-004,
37-11093,CC_j,3.352238e-005,
37-11093,CC_ctcor,3.2500e-006,
37-11093,CC_cpcor,-9.5700e-008,
37-11093,CC_wbotc,4.9763e-007,
