serial,name,value,notes
37-13542,CC_a0,-1.917995e-004,source_file: 13542.cal
37-13542,CC_a1,3.266652e-004,
37-13542,CC_a2,-6.039947e-006,
37-13542,CC_a3,2.433331e-007,
37-13542,CC_g,-9.834182e-001,
37-13542,CC_h,1.384498e-001,
37-13542,CC_i,-6.316154e-005,
37-13542,CC_j,2.661271e-005,
37-13542,CC_ctcor,3.250000e-006,
37-13542,CC_cpcor,-9.570000e-008,
37-13542,CC_wbotc,3.439749e-007,
