serial,name,value,notes
37-13544,CC_a0,-1.293259e-04,source_file: 3305-00116-00107-A_SN_37-13544_QCT_Results_METBK-CT.cap
37-13544,CC_a1,3.104968e-04,
37-13544,CC_a2,-4.677772e-06,
37-13544,CC_a3,2.080690e-07,
37-13544,CC_g,-9.838145e-01,
37-13544,CC_h,1.375340e-01,
37-13544,CC_i,-1.987309e-04,
37-13544,CC_j,3.297426e-05,
37-13544,CC_ctcor,3.250000e-06,
37-13544,CC_cpcor,-9.570000e-08,
37-13544,CC_wbotc,1.556162e-07,
