serial,name,value,notes
37-11092,CC_a0,-1.067053e-04,source: QCT 3305-00116-00134
37-11092,CC_a1,3.077479e-04,
37-11092,CC_a2,-4.534544e-06,
37-11092,CC_a3,2.030423e-07,
37-11092,CC_g,-1.008074e+00,
37-11092,CC_h,1.405603e-01,
37-11092,CC_i,-2.117773e-04,
37-11092,CC_j,3.585170e-05,
37-11092,CC_cpcor,-9.570000e-08,
37-11092,CC_ctcor,3.250000e-06,
37-11092,CC_wbotc,4.973263e-07,
