serial,name,value,notes
37-13471,CC_a0,-1.005554e-04,source: QCT 3305-00116-00028
37-13471,CC_a1,3.078760e-04,
37-13471,CC_a2,-4.614754e-06,
37-13471,CC_a3,2.053591e-07,
37-13471,CC_g,-9.782247e-01,
37-13471,CC_h,1.354385e-01,
37-13471,CC_i,-1.805697e-04,
37-13471,CC_j,3.162101e-05,
37-13471,CC_cpcor,-9.570000e-08,
37-13471,CC_ctcor,3.250000e-06,
37-13471,CC_wbotc,4.336702e-07,
