serial,name,value,notes
37-11001,CC_a0,-1.032346e-04,source_file: 3305-00116-00117-A_SN_37-11001_QCT_Results_METBK-CT.cap
37-11001,CC_a1,3.057088e-04,
37-11001,CC_a2,-4.302742e-06,
37-11001,CC_a3,1.970664e-07,
37-11001,CC_g,-9.972985e-01,
37-11001,CC_h,1.394987e-01,
37-11001,CC_i,-2.841899e-04,
37-11001,CC_j,4.059114e-05,
37-11001,CC_ctcor,3.250000e-06,
37-11001,CC_cpcor,-9.570000e-08,
37-11001,CC_wbotc,8.089786e-07,
