serial,name,value,notes
37-11561,CC_a0,-8.618562e-005,source_file: 11561.cal
37-11561,CC_a1,3.019776e-004,
37-11561,CC_a2,-4.127107e-006,
37-11561,CC_a3,1.929538e-007,
37-11561,CC_g,-9.800385e-001,
37-11561,CC_h,1.690834e-001,
37-11561,CC_i,-5.435114e-004,
37-11561,CC_j,6.961173e-005,
37-11561,CC_ctcor,3.250000e-006,
37-11561,CC_cpcor,-9.570000e-008,
37-11561,CC_wbotc,4.142735e-007,
