serial,name,value,notes
37-11001,CC_a0,-1.043802e-004,source_file METBK-CT_SN_37-11001_Calibration_Files_2024-12-04.zip > 11001.cal
37-11001,CC_a1,3.061473e-004,
37-11001,CC_a2,-4.350825e-006,
37-11001,CC_a3,1.986864e-007,
37-11001,CC_g,-1.007409e+000,
37-11001,CC_h,1.407563e-001,
37-11001,CC_i,-2.067261e-004,
37-11001,CC_j,3.345903e-005,
37-11001,CC_ctcor,3.250000e-006,
37-11001,CC_cpcor,-9.570000e-008,
37-11001,CC_wbotc,8.089786e-007,
