serial,name,value,notes
37-10903,CC_a0,-5.927892e-05,source: QCT 3305-00116-00180
37-10903,CC_a1,3.044076e-04,
37-10903,CC_a2,-4.566732e-06,
37-10903,CC_a3,2.025083e-07,
37-10903,CC_g,-9.965769e-01,
37-10903,CC_h,1.384254e-01,
37-10903,CC_i,-2.658434e-04,
37-10903,CC_j,4.065216e-05,
37-10903,CC_cpcor,-9.570000e-08,
37-10903,CC_ctcor,3.250000e-06,
37-10903,CC_wbotc,3.101011e-07,
