serial,name,value,notes
37-13544,CC_a0,-1.196686e-04,source_file: 3305-00116-00058-A_SN_37-13544_QCT_Results_METBK-CT.cap
37-13544,CC_a1,3.080431e-04,
37-13544,CC_a2,-4.472620e-06,
37-13544,CC_a3,2.024223e-07,
37-13544,CC_g,-9.830785e-01,
37-13544,CC_h,1.371837e-01,
37-13544,CC_i,-8.369226e-05,
37-13544,CC_j,2.521502e-05,
37-13544,CC_ctcor,3.250000e-06,
37-13544,CC_cpcor,-9.570000e-08,
37-13544,CC_wbotc,1.556162e-07,
