serial,name,value,notes
37-12756,CC_a0,-1.133356e-004,source_file: 12756.cal
37-12756,CC_a1,3.065264e-004,
37-12756,CC_a2,-4.417100e-006,
37-12756,CC_a3,2.019410e-007,
37-12756,CC_g,-9.928286e-001,
37-12756,CC_h,1.542300e-001,
37-12756,CC_i,-2.014468e-004,
37-12756,CC_j,3.845857e-005,
37-12756,CC_ctcor,3.250000e-006,
37-12756,CC_cpcor,-9.570000e-008,
37-12756,CC_wbotc,2.297035e-007,
