serial,name,value,notes
37-13471,CC_a0,-6.911891e-05,source: QCT 3305-00116-00193
37-13471,CC_a1,3.003504e-04,
37-13471,CC_a2,-4.015128e-06,
37-13471,CC_a3,1.894567e-07,
37-13471,CC_g,-9.795563e-01,
37-13471,CC_h,1.356442e-01,
37-13471,CC_i,-1.996417e-04,
37-13471,CC_j,3.443143e-05,
37-13471,CC_cpcor,-9.570000e-08,
37-13471,CC_ctcor,3.250000e-06,
37-13471,CC_wbotc,4.336702e-07,
