serial,name,value,notes
37-10904,CC_a0,3.778460e-07,source: QCT 3305-00116-00143
37-10904,CC_a1,2.894924e-04,
37-10904,CC_a2,-3.341906e-06,
37-10904,CC_a3,1.702651e-07,
37-10904,CC_g,-1.023400e+00,
37-10904,CC_h,1.414641e-01,
37-10904,CC_i,-3.158191e-04,
37-10904,CC_j,4.405037e-05,
37-10904,CC_cpcor,-9.570000e-08,
37-10904,CC_ctcor,3.250000e-06,
37-10904,CC_wbotc,6.803412e-07,
