serial,name,value,notes
37-13468,CC_a0,-1.295796e-04,source: QCT 3305-00116-00025
37-13468,CC_a1,3.085577e-04,
37-13468,CC_a2,-4.436121e-06,
37-13468,CC_a3,2.020717e-07,
37-13468,CC_g,-9.849111e-01,
37-13468,CC_h,1.368913e-01,
37-13468,CC_i,-1.564529e-04,
37-13468,CC_j,3.014496e-05,
37-13468,CC_cpcor,-9.570000e-08,
37-13468,CC_ctcor,3.250000e-06,
37-13468,CC_wbotc,1.552126e-07,
