serial,name,value,notes
37-11560,CC_a0,-1.177271e-04,source_file: 3305-00116-00004-A_SN_37-11560_QCT_Results_METBK-CT.cap
37-11560,CC_a1,3.084703e-04,
37-11560,CC_a2,-4.581607e-06,
37-11560,CC_a3,2.066904e-07,
37-11560,CC_g,-9.762492e-01,
37-11560,CC_h,1.281380e-01,
37-11560,CC_i,-3.895907e-04,
37-11560,CC_j,4.425100e-05,
37-11560,CC_ctcor,3.250000e-06,
37-11560,CC_cpcor,-9.570000e-08,
37-11560,CC_wbotc,9.030768e-08,
