serial,name,value,notes
37-10906,CC_a0,-1.236179e-04,source: QCT 3305-00116-00141
37-10906,CC_a1,3.110478e-04,
37-10906,CC_a2,-4.873999e-06,
37-10906,CC_a3,2.136264e-07,
37-10906,CC_g,-9.780482e-01,
37-10906,CC_h,1.363732e-01,
37-10906,CC_i,-2.328312e-04,
37-10906,CC_j,3.620154e-05,
37-10906,CC_cpcor,-9.570000e-08,
37-10906,CC_ctcor,3.250000e-06,
37-10906,CC_wbotc,5.593731e-07,
