serial,name,value,notes
37-12757,CC_a0,-1.770019e-004,source_file METBK-CT_SN_37-12757_Calibration_Files_2023-10-20.zip > 12757.cal
37-12757,CC_a1,3.225076e-004,
37-12757,CC_a2,-5.624177e-006,
37-12757,CC_a3,2.313170e-007,
37-12757,CC_g,-9.920895e-001,
37-12757,CC_h,1.507141e-001,
37-12757,CC_i,-3.479194e-004,
37-12757,CC_j,4.902219e-005,
37-12757,CC_ctcor,3.250000e-006,
37-12757,CC_cpcor,-9.570000e-008,
37-12757,CC_wbotc,1.296743e-007,
