serial,name,value,notes
37-11090,CC_a0,-1.234675e-04,source_file: 3305-00116-00009-A_SN_37-11090_QCT_Results_METBK-CT.cap
37-11090,CC_a1,3.130282e-04,
37-11090,CC_a2,-5.042966e-06,
37-11090,CC_a3,2.159649e-07,
37-11090,CC_g,-9.788080e-01,
37-11090,CC_h,1.394754e-01,
37-11090,CC_i,-2.276199e-04,
37-11090,CC_j,3.547191e-05,
37-11090,CC_ctcor,3.250000e-06,
37-11090,CC_cpcor,-9.570000e-08,
37-11090,CC_wbotc,2.827399e-07,
