serial,name,value,notes
37-11558,CC_a0,-3.098560e-005,source_file: 11558.cal
37-11558,CC_a1,2.920851e-004,
37-11558,CC_a2,-3.419191e-006,
37-11558,CC_a3,1.733311e-007,
37-11558,CC_g,-9.835532e-001,
37-11558,CC_h,1.676471e-001,
37-11558,CC_i,-5.681870e-004,
37-11558,CC_j,7.232411e-005,
37-11558,CC_ctcor,3.250000e-006,
37-11558,CC_cpcor,-9.570000e-008,
37-11558,CC_wbotc,4.803211e-007,
