serial,name,value,notes
37-12758,CC_a0,-1.082832e-004,source_file: 12758.cal
37-12758,CC_a1,3.048788e-004,
37-12758,CC_a2,-4.262974e-006,
37-12758,CC_a3,1.977224e-007,
37-12758,CC_g,-9.772120e-001,
37-12758,CC_h,1.549296e-001,
37-12758,CC_i,-1.438631e-004,
37-12758,CC_j,3.616844e-005,
37-12758,CC_ctcor,3.250000e-006,
37-12758,CC_cpcor,-9.570000e-008,
37-12758,CC_wbotc,2.321641e-007,
