serial,name,value,notes
37-13543,CC_a0,-1.026473e-004,source_file: METBK-CT_SN_37-13543_Calibration_Files_2017-07-07.zip > cal pdfs
37-13543,CC_a1,3.060150e-004,
37-13543,CC_a2,-4.418663e-006,
37-13543,CC_a3,2.003829e-007,
37-13543,CC_g,-9.918934e-001,
37-13543,CC_h,1.348363e-001,
37-13543,CC_i,-2.120495e-004,
37-13543,CC_j,3.428769e-005,
37-13543,CC_ctcor,3.2500e-006,
37-13543,CC_cpcor,-9.5700e-008,
37-13543,CC_wbotc,3.9892e-007,
