serial,name,value,notes
37-10137,CC_a0,-1.276712e-004,source_file: 10137.cal
37-10137,CC_a1,3.090883e-004,
37-10137,CC_a2,-4.495505e-006,
37-10137,CC_a3,2.023946e-007,
37-10137,CC_g,-9.855124e-001,
37-10137,CC_h,1.349655e-001,
37-10137,CC_i,-2.057760e-004,
37-10137,CC_j,3.209341e-005,
37-10137,CC_ctcor,3.250000e-006,
37-10137,CC_cpcor,-9.570000e-008,
37-10137,CC_wbotc,-6.160087e-008,
