serial,name,value,notes
37-11560,CC_a0,-1.397333e-004,source_file METBK-CT_SN_37-11560_Calibration_Files_2024-01-05.zip > 11560.cal
37-11560,CC_a1,3.140875e-004,
37-11560,CC_a2,-5.055243e-006,
37-11560,CC_a3,2.198803e-007,
37-11560,CC_g,-9.760012e-001,
37-11560,CC_h,1.279654e-001,
37-11560,CC_i,-3.282179e-004,
37-11560,CC_j,3.895180e-005,
37-11560,CC_ctcor,3.250000e-006,
37-11560,CC_cpcor,-9.570000e-008,
37-11560,CC_wbotc,9.030768e-008,
