serial,name,value,notes
37-11558,CC_a0,-3.569740e-05,source_file METBK-CT_SN_37-11558_Calibration_Files_2025-11-16.zip > 11558.cal
37-11558,CC_a1,2.930392e-04,
37-11558,CC_a2,-3.482286e-06,
37-11558,CC_a3,1.746812e-07,
37-11558,CC_g,-9.807109e-01,
37-11558,CC_h,1.667184e-01,
37-11558,CC_i,-3.481600e-04,
37-11558,CC_j,5.757075e-05,
37-11558,CC_ctcor,3.250000e-06,
37-11558,CC_cpcor,-9.570000e-08,
37-11558,CC_wbotc,4.803211e-07,
