serial,name,value,notes
37-11561,CC_a0,-6.658761e-05,source_file: 3305-00116-00095-A_SN_37-11561_QCT_Results_METBK-CT.cap
37-11561,CC_a1,2.973303e-04,
37-11561,CC_a2,-3.759851e-06,
37-11561,CC_a3,1.832816e-07,
37-11561,CC_g,-9.803431e-01,
37-11561,CC_h,1.691891e-01,
37-11561,CC_i,-5.691352e-04,
37-11561,CC_j,7.113424e-05,
37-11561,CC_ctcor,3.250000e-06,
37-11561,CC_cpcor,-9.570000e-08,
37-11561,CC_wbotc,4.142735e-07,
