serial,name,value,notes
37-11001,CC_a0,-1.180929e-004,source_file: 11001.cal
37-11001,CC_a1,3.094566e-004,
37-11001,CC_a2,-4.617320e-006,
37-11001,CC_a3,2.058514e-007,
37-11001,CC_g,-1.006687e+000,
37-11001,CC_h,1.407181e-001,
37-11001,CC_i,-2.413425e-004,
37-11001,CC_j,3.805856e-005,
37-11001,CC_ctcor,3.250000e-006,
37-11001,CC_cpcor,-9.570000e-008,
37-11001,CC_wbotc,8.089786e-007,
