serial,name,value,notes
37-11117,CC_a0,-7.681504e-005,source_file METBK-CT_SN_37-11117_Calibration_Files_2024-01-18.zip > 11117.cal
37-11117,CC_a1,3.018077e-004,
37-11117,CC_a2,-4.177053e-006,
37-11117,CC_a3,1.944815e-007,
37-11117,CC_g,-9.987949e-001,
37-11117,CC_h,1.355772e-001,
37-11117,CC_i,-1.725624e-004,
37-11117,CC_j,3.133591e-005,
37-11117,CC_ctcor,3.250000e-006,
37-11117,CC_cpcor,-9.570000e-008,
37-11117,CC_wbotc,4.601398e-007,
