serial,name,value,notes
37-10904,CC_a0,-4.329436e-06,source: QCT 3305-00116-00038
37-10904,CC_a1,2.906983e-04,
37-10904,CC_a2,-3.444041e-06,
37-10904,CC_a3,1.731245e-07,
37-10904,CC_g,-9.797296e-01,
37-10904,CC_h,1.354635e-01,
37-10904,CC_i,-3.102891e-04,
37-10904,CC_j,4.060172e-05,
37-10904,CC_cpcor,-9.570000e-08,
37-10904,CC_ctcor,3.250000e-06,
37-10904,CC_wbotc,6.803412e-07,
