serial,name,value,notes
37-10904,CC_a0,-7.766483e-05,source: QCT 3305-00116-00101
37-10904,CC_a1,3.081424e-04,
37-10904,CC_a2,-4.825756e-06,
37-10904,CC_a3,2.095727e-07,
37-10904,CC_g,-9.799044e-01,
37-10904,CC_h,1.354457e-01,
37-10904,CC_i,-2.940277e-04,
37-10904,CC_j,3.976437e-05,
37-10904,CC_cpcor,-9.570000e-08,
37-10904,CC_ctcor,3.250000e-06,
37-10904,CC_wbotc,6.803412e-07,
