serial,name,value,notes
37-10905,CC_a0,-1.034344e-04,source: QCT 3305-00116-00010
37-10905,CC_a1,3.078661e-04,
37-10905,CC_a2,-4.614695e-06,
37-10905,CC_a3,2.044035e-07,
37-10905,CC_g,-9.837390e-01,
37-10905,CC_h,1.344541e-01,
37-10905,CC_i,-2.531202e-04,
37-10905,CC_j,3.708933e-05,
37-10905,CC_cpcor,-9.570000e-08,
37-10905,CC_ctcor,3.250000e-06,
37-10905,CC_wbotc,4.306288e-07,
