serial,name,value,notes
37-10906,CC_a0,-6.795088e-05,source: QCT 3305-00116-00120
37-10906,CC_a1,2.978502e-04,
37-10906,CC_a2,-3.830702e-06,
37-10906,CC_a3,1.861222e-07,
37-10906,CC_g,-9.854504e-01,
37-10906,CC_h,1.375798e-01,
37-10906,CC_i,-4.681696e-04,
37-10906,CC_j,5.075160e-05,
37-10906,CC_cpcor,-9.570000e-08,
37-10906,CC_ctcor,3.250000e-06,
37-10906,CC_wbotc,5.593731e-07,
