serial,name,value,notes
37-11092,CC_a0,-6.148684e-05,source: QCT 3305-00116-00110
37-11092,CC_a1,2.967983e-04,
37-11092,CC_a2,-3.651664e-06,
37-11092,CC_a3,1.793472e-07,
37-11092,CC_g,-9.836634e-01,
37-11092,CC_h,1.372562e-01,
37-11092,CC_i,-2.518609e-04,
37-11092,CC_j,3.689053e-05,
37-11092,CC_cpcor,-9.570000e-08,
37-11092,CC_ctcor,3.250000e-06,
37-11092,CC_wbotc,4.973263e-07,
