serial,name,value,notes
37-13472,CC_a0,-1.664328e-04,source_file: 3305-00116-00029-A_SN_37-13472_QCT_Results_METBK-CT.cap
37-13472,CC_a1,3.169081e-04,
37-13472,CC_a2,-5.083639e-06,
37-13472,CC_a3,2.169677e-07,
37-13472,CC_g,-9.810435e-01,
37-13472,CC_h,1.325306e-01,
37-13472,CC_i,-2.006071e-04,
37-13472,CC_j,3.270343e-05,
37-13472,CC_ctcor,3.250000e-06,
37-13472,CC_cpcor,-9.570000e-08,
37-13472,CC_wbotc,-3.059179e-08,
