serial,name,value,notes
37-11092,CC_a0,-9.893134e-05,source: QCT 3305-00116-00063
37-11092,CC_a1,3.059997e-04,
37-11092,CC_a2,-4.404079e-06,
37-11092,CC_a3,1.998195e-07,
37-11092,CC_g,-9.824360e-01,
37-11092,CC_h,1.370042e-01,
37-11092,CC_i,-2.097888e-04,
37-11092,CC_j,3.374792e-05,
37-11092,CC_cpcor,-9.570000e-08,
37-11092,CC_ctcor,3.250000e-06,
37-11092,CC_wbotc,4.973263e-07,
