serial,name,value,notes
37-11000,CC_a0,-7.563229e-05,source: QCT 3305-00116-00196
37-11000,CC_a1,3.006842e-04,
37-11000,CC_a2,-4.023997e-06,
37-11000,CC_a3,1.889715e-07,
37-11000,CC_g,-9.813780e-01,
37-11000,CC_h,1.265701e-01,
37-11000,CC_i,-4.226733e-04,
37-11000,CC_j,4.667003e-05,
37-11000,CC_cpcor,-9.570000e-08,
37-11000,CC_ctcor,3.250000e-06,
37-11000,CC_wbotc,1.133594e-06,
