serial,name,value,notes
37-12754,CC_a0,-6.887312e-005,source_file: 12754.cal
37-12754,CC_a1,2.975521e-004,
37-12754,CC_a2,-3.705554e-006,
37-12754,CC_a3,1.820302e-007,
37-12754,CC_g,-9.853736e-001,
37-12754,CC_h,1.699582e-001,
37-12754,CC_i,-5.148243e-004,
37-12754,CC_j,6.789737e-005,
37-12754,CC_ctcor,3.250000e-006,
37-12754,CC_cpcor,-9.570000e-008,
37-12754,CC_wbotc,1.726067e-007,
