serial,name,value,notes
37-13543,CC_a0,-8.725138e-05,source_file: 3305-00116-00074-A_SN_37-13543_QCT_Results_METBK-CT.cap
37-13543,CC_a1,3.024048e-04,
37-13543,CC_a2,-4.136404e-06,
37-13543,CC_a3,1.930207e-07,
37-13543,CC_g,-9.917319e-01,
37-13543,CC_h,1.347541e-01,
37-13543,CC_i,-1.820951e-04,
37-13543,CC_j,3.135326e-05,
37-13543,CC_ctcor,3.250000e-06,
37-13543,CC_cpcor,-9.570000e-08,
37-13543,CC_wbotc,3.989240e-07,
