serial,name,value,notes
37-11092,CC_a0,-1.332819e-04,source: QCT 3305-00116-00198
37-11092,CC_a1,3.140156e-04,
37-11092,CC_a2,-5.027556e-06,
37-11092,CC_a3,2.159833e-07,
37-11092,CC_g,-1.008152e+00,
37-11092,CC_h,1.406104e-01,
37-11092,CC_i,-2.312887e-04,
37-11092,CC_j,3.715924e-05,
37-11092,CC_cpcor,-9.570000e-08,
37-11092,CC_ctcor,3.250000e-06,
37-11092,CC_wbotc,4.973263e-07,
