serial,name,value,notes
37-11002,CC_a0,-7.550163e-005,source_file: 11002.cal
37-11002,CC_a1,3.052083e-004,
37-11002,CC_a2,-4.517467e-006,
37-11002,CC_a3,2.022725e-007,
37-11002,CC_g,-9.790255e-001,
37-11002,CC_h,1.371085e-001,
37-11002,CC_i,-1.891553e-004,
37-11002,CC_j,3.268762e-005,
37-11002,CC_ctcor,3.250000e-006,
37-11002,CC_cpcor,-9.570000e-008,
37-11002,CC_wbotc,6.542466e-007,
