serial,name,value,notes
37-10906,CC_a0,-1.007942e-04,source: QCT 3305-00116-00196
37-10906,CC_a1,3.057016e-04,
37-10906,CC_a2,-4.456622e-06,
37-10906,CC_a3,2.027614e-07,
37-10906,CC_g,-9.781975e-01,
37-10906,CC_h,1.364556e-01,
37-10906,CC_i,-2.590098e-04,
37-10906,CC_j,3.782892e-05,
37-10906,CC_cpcor,-9.570000e-08,
37-10906,CC_ctcor,3.250000e-06,
37-10906,CC_wbotc,5.593731e-07,
