serial,name,value,notes
37-11000,CC_a0,-1.722949e-04,source: QCT 3305-00116-00171
37-11000,CC_a1,3.237357e-04,
37-11000,CC_a2,-5.855271e-06,
37-11000,CC_a3,2.374286e-07,
37-11000,CC_g,-9.790553e-01,
37-11000,CC_h,1.259934e-01,
37-11000,CC_i,-2.984476e-04,
37-11000,CC_j,3.778333e-05,
37-11000,CC_cpcor,-9.570000e-08,
37-11000,CC_ctcor,3.250000e-06,
37-11000,CC_wbotc,1.133594e-06,
