serial,name,value,notes
37-13469,CC_a0,-1.200019e-04,source: QCT 3305-00116-00130
37-13469,CC_a1,3.074096e-04,
37-13469,CC_a2,-4.450896e-06,
37-13469,CC_a3,2.021162e-07,
37-13469,CC_g,-9.731416e-01,
37-13469,CC_h,1.334891e-01,
37-13469,CC_i,-1.237559e-04,
37-13469,CC_j,2.738883e-05,
37-13469,CC_cpcor,-9.570000e-08,
37-13469,CC_ctcor,3.250000e-06,
37-13469,CC_wbotc,2.776292e-07,
