serial,name,value,notes
37-10139,CC_a0,-1.624722e-004,source_file: 10139.cal
37-10139,CC_a1,3.107772e-004,
37-10139,CC_a2,-4.379250e-006,
37-10139,CC_a3,2.004890e-007,
37-10139,CC_g,-9.888892e-001,
37-10139,CC_h,1.524676e-001,
37-10139,CC_i,-2.449917e-004,
37-10139,CC_j,4.003018e-005,
37-10139,CC_ctcor,3.250000e-006,
37-10139,CC_cpcor,-9.570000e-008,
37-10139,CC_wbotc,1.307242e-007,
