serial,name,value,notes
37-11002,CC_a0,-5.059354e-05,source_file: 3305-00116-00019-A_SN_37-11002_QCT_Results_METBK-CT.cap
37-11002,CC_a1,2.992603e-04,
37-11002,CC_a2,-4.043453e-06,
37-11002,CC_a3,1.896657e-07,
37-11002,CC_g,-9.775432e-01,
37-11002,CC_h,1.365999e-01,
37-11002,CC_i,-4.445386e-05,
37-11002,CC_j,2.216581e-05,
37-11002,CC_ctcor,3.250000e-06,
37-11002,CC_cpcor,-9.570000e-08,
37-11002,CC_wbotc,6.542466e-07,
