serial,name,value,notes
37-12757,CC_a0,-1.043229e-004,source_file: 12757.cal
37-12757,CC_a1,3.050821e-004,
37-12757,CC_a2,-4.232436e-006,
37-12757,CC_a3,1.942874e-007,
37-12757,CC_g,-9.901065e-001,
37-12757,CC_h,1.500280e-001,
37-12757,CC_i,-1.531046e-004,
37-12757,CC_j,3.408813e-005,
37-12757,CC_ctcor,3.250000e-006,
37-12757,CC_cpcor,-9.570000e-008,
37-12757,CC_wbotc,1.296743e-007,
