serial,name,value,notes
37-13468,CC_a0,-1.684890e-04,source: QCT 3305-00116-00054
37-13468,CC_a1,3.175265e-04,
37-13468,CC_a2,-5.123234e-06,
37-13468,CC_a3,2.195642e-07,
37-13468,CC_g,-9.845897e-01,
37-13468,CC_h,1.367916e-01,
37-13468,CC_i,-1.331655e-04,
37-13468,CC_j,2.850681e-05,
37-13468,CC_cpcor,-9.570000e-08,
37-13468,CC_ctcor,3.250000e-06,
37-13468,CC_wbotc,1.552126e-07,
