serial,name,value,notes
37-13471,CC_a0,-4.750668e-05,source: QCT 3305-00116-00136
37-13471,CC_a1,2.951826e-04,
37-13471,CC_a2,-3.603354e-06,
37-13471,CC_a3,1.785226e-07,
37-13471,CC_g,-1.015188e+00,
37-13471,CC_h,1.412024e-01,
37-13471,CC_i,-1.397891e-03,
37-13471,CC_j,1.052291e-04,
37-13471,CC_cpcor,-9.570000e-08,
37-13471,CC_ctcor,3.250000e-06,
37-13471,CC_wbotc,4.336702e-07,
