serial,name,value,notes
37-10138,CC_a0,-8.447314e-05,source_file: 3305-00116-00092-A_SN_37-10138_QCT_Results_METBK-CT.cap
37-10138,CC_a1,3.040225e-04,
37-10138,CC_a2,-4.335418e-06,
37-10138,CC_a3,1.975702e-07,
37-10138,CC_g,-9.727129e-01,
37-10138,CC_h,1.491238e-01,
37-10138,CC_i,-5.015268e-04,
37-10138,CC_j,6.027605e-05,
37-10138,CC_ctcor,3.250000e-06,
37-10138,CC_cpcor,-9.570000e-08,
37-10138,CC_wbotc,-2.602442e-07,
