serial,name,value,notes
37-13542,CC_a0,-1.436369e-004,source_file METBK-CT_SN_37-13542_Calibration_Files_2024-05-23.zip > 13542.cal
37-13542,CC_a1,3.154965e-004,
37-13542,CC_a2,-5.167659e-006,
37-13542,CC_a3,2.203510e-007,
37-13542,CC_g,-9.850118e-001,
37-13542,CC_h,1.389663e-001,
37-13542,CC_i,-1.892119e-004,
37-13542,CC_j,3.501104e-005,
37-13542,CC_ctcor,3.250000e-006,
37-13542,CC_cpcor,-9.570000e-008,
37-13542,CC_wbotc,3.439749e-007,
