serial,name,value,notes
37-13469,CC_a0,-2.023210e-04,source: QCT 3305-00116-00161
37-13469,CC_a1,3.269111e-04,
37-13469,CC_a2,-5.990325e-06,
37-13469,CC_a3,2.426088e-07,
37-13469,CC_g,-9.739147e-01,
37-13469,CC_h,1.336817e-01,
37-13469,CC_i,-1.648765e-04,
37-13469,CC_j,3.085294e-05,
37-13469,CC_cpcor,-9.570000e-08,
37-13469,CC_ctcor,3.250000e-06,
37-13469,CC_wbotc,2.776292e-07,
