serial,name,value,notes
37-12757,CC_a0,-1.061442e-004,source_file: 12757.cal
37-12757,CC_a1,3.055675e-004,
37-12757,CC_a2,-4.275243e-006,
37-12757,CC_a3,1.955372e-007,
37-12757,CC_g,-9.907953e-001,
37-12757,CC_h,1.502238e-001,
37-12757,CC_i,-2.053658e-004,
37-12757,CC_j,3.847790e-005,
37-12757,CC_ctcor,3.250000e-006,
37-12757,CC_cpcor,-9.570000e-008,
37-12757,CC_wbotc,1.296743e-007,
