serial,name,value,notes
37-10905,CC_a0,-7.768780e-05,source: QCT 3305-00116-00133
37-10905,CC_a1,3.019892e-04,
37-10905,CC_a2,-4.167947e-06,
37-10905,CC_a3,1.930852e-07,
37-10905,CC_g,-9.840959e-01,
37-10905,CC_h,1.345520e-01,
37-10905,CC_i,-2.809679e-04,
37-10905,CC_j,3.900452e-05,
37-10905,CC_cpcor,-9.570000e-08,
37-10905,CC_ctcor,3.250000e-06,
37-10905,CC_wbotc,4.306288e-07,
