serial,name,value,notes
37-12756,CC_a0,-8.208666e-005,source_file: 12756.cal
37-12756,CC_a1,2.992098e-004,
37-12756,CC_a2,-3.846618e-006,
37-12756,CC_a3,1.871260e-007,
37-12756,CC_g,-9.935227e-001,
37-12756,CC_h,1.544934e-001,
37-12756,CC_i,-2.847319e-004,
37-12756,CC_j,4.564589e-005,
37-12756,CC_ctcor,3.250000e-006,
37-12756,CC_cpcor,-9.570000e-008,
37-12756,CC_wbotc,2.297035e-007,
