serial,name,value,notes
37-12754,CC_a0,-2.513369e-004,source_file: 12754.cal
37-12754,CC_a1,3.407634e-004,
37-12754,CC_a2,-7.114624e-006,
37-12754,CC_a3,2.716217e-007,
37-12754,CC_g,-9.846910e-001,
37-12754,CC_h,1.699964e-001,
37-12754,CC_i,-6.059209e-004,
37-12754,CC_j,7.621481e-005,
37-12754,CC_ctcor,3.250000e-006,
37-12754,CC_cpcor,-9.570000e-008,
37-12754,CC_wbotc,1.726067e-007,
