serial,name,value,notes
37-11117,CC_a0,-7.488065e-05,source_file: 3305-00116-00048-A_SN_37-11117_QCT_Results_METBK-CT.cap
37-11117,CC_a1,3.011315e-04,
37-11117,CC_a2,-4.107081e-06,
37-11117,CC_a3,1.922279e-07,
37-11117,CC_g,-9.909376e-01,
37-11117,CC_h,1.346521e-01,
37-11117,CC_i,-2.355001e-04,
37-11117,CC_j,3.531257e-05,
37-11117,CC_ctcor,3.250000e-06,
37-11117,CC_cpcor,-9.570000e-08,
37-11117,CC_wbotc,4.601398e-07,
