serial,name,value,notes
37-13470,CC_a0,-1.744479e-004,source: 13470.cal
37-13470,CC_a1,3.105906e-004,
37-13470,CC_a2,-4.249962e-006,
37-13470,CC_a3,1.960238e-007,
37-13470,CC_g,-9.759843e-001,
37-13470,CC_h,1.351108e-001,
37-13470,CC_i,-1.729875e-004,
37-13470,CC_j,3.109601e-005,
37-13470,CC_cpcor,-9.570000e-008,
37-13470,CC_ctcor,3.250000e-006,
37-13470,CC_wbotc,9.293177e-008,
