serial,name,value,notes
37-11093,CC_a0,-4.053174e-005,source_file METBK-CT_SN_37-11093_Calibration_Files_2023-10-20.zip > 11093.cal
37-11093,CC_a1,2.973445e-004,
37-11093,CC_a2,-3.932997e-006,
37-11093,CC_a3,1.869781e-007,
37-11093,CC_g,-9.798129e-001,
37-11093,CC_h,1.371636e-001,
37-11093,CC_i,-3.849259e-004,
37-11093,CC_j,4.848146e-005,
37-11093,CC_ctcor,3.250000e-006,
37-11093,CC_cpcor,-9.570000e-008,
37-11093,CC_wbotc,4.976298e-007,
