serial,name,value,notes
37-13470,CC_a0,-1.063211e-04,source: QCT 3305-00116-00102
37-13470,CC_a1,3.043149e-04,
37-13470,CC_a2,-4.143160e-06,
37-13470,CC_a3,1.929749e-07,
37-13470,CC_g,-9.763571e-01,
37-13470,CC_h,1.351869e-01,
37-13470,CC_i,-1.781330e-04,
37-13470,CC_j,3.060596e-05,
37-13470,CC_cpcor,-9.570000e-08,
37-13470,CC_ctcor,3.250000e-06,
37-13470,CC_wbotc,9.293176e-08,
