serial,name,value,notes
37-11123,CC_a0,8.180074e-005,source_file METBK-CT_SN_37-11123_Calibration_Files_2023-11-08.zip > 11123.cal
37-11123,CC_a1,2.674332e-004,
37-11123,CC_a2,-1.557085e-006,
37-11123,CC_a3,1.266446e-007,
37-11123,CC_g,-1.002232e+000,
37-11123,CC_h,1.417948e-001,
37-11123,CC_i,-2.301654e-004,
37-11123,CC_j,3.712511e-005,
37-11123,CC_ctcor,3.250000e-006,
37-11123,CC_cpcor,-9.570000e-008,
37-11123,CC_wbotc,4.382868e-007,
