serial,name,value,notes
37-11561,CC_a0,-8.386933e-005,source_file: 11561.cal
37-11561,CC_a1,3.014860e-004,
37-11561,CC_a2,-4.092372e-006,
37-11561,CC_a3,1.921355e-007,
37-11561,CC_g,-9.800028e-001,
37-11561,CC_h,1.690607e-001,
37-11561,CC_i,-5.364731e-004,
37-11561,CC_j,6.954749e-005,
37-11561,CC_ctcor,3.250000e-006,
37-11561,CC_cpcor,-9.570000e-008,
37-11561,CC_wbotc,4.142735e-007,
