serial,name,value,notes
37-11559,CC_a0,-7.128463e-05,source: QCT 3305-00116-00144
37-11559,CC_a1,3.005384e-04,
37-11559,CC_a2,-4.098560e-06,
37-11559,CC_a3,1.921057e-07,
37-11559,CC_g,-9.747566e-01,
37-11559,CC_h,1.662942e-01,
37-11559,CC_i,-4.974268e-04,
37-11559,CC_j,6.652108e-05,
37-11559,CC_cpcor,-9.570000e-08,
37-11559,CC_ctcor,3.250000e-06,
37-11559,CC_wbotc,2.746947e-07,
