serial,name,value,notes
37-11091,CC_a0,-4.636239e-005,source_file: METBK-CT_SN_37-11091_Calibration_Files_2017-07-13.zip > cal pdfs
37-11091,CC_a1,2.953539e-004,
37-11091,CC_a2,-3.655937e-006,
37-11091,CC_a3,1.809230e-007,
37-11091,CC_g,-9.748930e-001,
37-11091,CC_h,1.328077e-001,
37-11091,CC_i,-1.329577e-004,
37-11091,CC_j,2.860814e-005,
37-11091,CC_ctcor,3.2500e-006,
37-11091,CC_cpcor,-9.5700e-008,
37-11091,CC_wbotc,4.6109e-007,
