serial,name,value,notes
37-10904,CC_a0,-7.163995e-05,source: QCT 3305-00116-00065
37-10904,CC_a1,3.068063e-04,
37-10904,CC_a2,-4.727830e-06,
37-10904,CC_a3,2.071966e-07,
37-10904,CC_g,-9.784812e-01,
37-10904,CC_h,1.351460e-01,
37-10904,CC_i,-2.525580e-04,
37-10904,CC_j,3.700580e-05,
37-10904,CC_cpcor,-9.570000e-08,
37-10904,CC_ctcor,3.250000e-06,
37-10904,CC_wbotc,6.803412e-07,
