serial,name,value,notes
37-11091,CC_a0,5.425830e-05,source_file METBK-CT_SN_37-11091_Calibration_Files_2026-01-02.zip > 11091.cal
37-11091,CC_a1,2.717162e-04,
37-11091,CC_a2,-1.805921e-06,
37-11091,CC_a3,1.326813e-07,
37-11091,CC_g,-9.792934e-01,
37-11091,CC_h,1.329718e-01,
37-11091,CC_i,5.383393e-05,
37-11091,CC_j,1.803545e-05,
37-11091,CC_ctcor,3.250000e-06,
37-11091,CC_cpcor,-9.570000e-08,
37-11091,CC_wbotc,4.610894e-07,
