serial,name,value,notes
37-10138,CC_a0,-8.156612e-005,source_file: 10138.cal
37-10138,CC_a1,3.038986e-004,
37-10138,CC_a2,-4.376123e-006,
37-10138,CC_a3,2.000905e-007,
37-10138,CC_g,-9.713599e-001,
37-10138,CC_h,1.486408e-001,
37-10138,CC_i,-3.664121e-004,
37-10138,CC_j,4.998383e-005,
37-10138,CC_ctcor,3.250000e-006,
37-10138,CC_cpcor,-9.570000e-008,
37-10138,CC_wbotc,-2.602442e-007,
