serial,name,value,notes
37-12758,CC_a0,-1.504609e-04,source_file: 3305-00116-00071-A_SN_37-12758_QCT_Results_METBK-CT.cap
37-12758,CC_a1,3.146783e-04,
37-12758,CC_a2,-5.021053e-06,
37-12758,CC_a3,2.172446e-07,
37-12758,CC_g,-9.785482e-01,
37-12758,CC_h,1.552145e-01,
37-12758,CC_i,-1.753775e-04,
37-12758,CC_j,3.790682e-05,
37-12758,CC_ctcor,3.250000e-06,
37-12758,CC_cpcor,-9.570000e-08,
37-12758,CC_wbotc,2.321641e-07,
