serial,name,value,notes
37-11559,CC_a0,-1.224498e-04,source: QCT 3305-00116-00103
37-11559,CC_a1,3.125917e-04,
37-11559,CC_a2,-5.044823e-06,
37-11559,CC_a3,2.168636e-07,
37-11559,CC_g,-9.759801e-01,
37-11559,CC_h,1.666040e-01,
37-11559,CC_i,-5.421343e-04,
37-11559,CC_j,6.871744e-05,
37-11559,CC_cpcor,-9.570000e-08,
37-11559,CC_ctcor,3.250000e-06,
37-11559,CC_wbotc,2.746947e-07,
