serial,name,value,notes
37-10905,CC_a0,-1.455527e-04,source: QCT 3305-00116-00182
37-10905,CC_a1,3.178454e-04,
37-10905,CC_a2,-5.401826e-06,
37-10905,CC_a3,2.250641e-07,
37-10905,CC_g,-9.854979e-01,
37-10905,CC_h,1.351439e-01,
37-10905,CC_i,-4.680790e-04,
37-10905,CC_j,5.358329e-05,
37-10905,CC_cpcor,-9.570000e-08,
37-10905,CC_ctcor,3.250000e-06,
37-10905,CC_wbotc,4.306288e-07,
