serial,name,value,notes
37-13471,CC_a0,-1.217042e-04,source: QCT 3305-00116-00084
37-13471,CC_a1,3.128500e-04,
37-13471,CC_a2,-5.004617e-06,
37-13471,CC_a3,2.155457e-07,
37-13471,CC_g,-9.789586e-01,
37-13471,CC_h,1.355528e-01,
37-13471,CC_i,-1.903713e-04,
37-13471,CC_j,3.256094e-05,
37-13471,CC_cpcor,-9.570000e-08,
37-13471,CC_ctcor,3.250000e-06,
37-13471,CC_wbotc,4.336702e-07,
