serial,name,value,notes
37-13471,CC_a0,-1.616513e-04,source: QCT 3305-00116-00109
37-13471,CC_a1,3.222663e-04,
37-13471,CC_a2,-5.743776e-06,
37-13471,CC_a3,2.348731e-07,
37-13471,CC_g,-9.787733e-01,
37-13471,CC_h,1.355140e-01,
37-13471,CC_i,-1.927435e-04,
37-13471,CC_j,3.304781e-05,
37-13471,CC_cpcor,-9.570000e-08,
37-13471,CC_ctcor,3.250000e-06,
37-13471,CC_wbotc,4.336702e-07,
