serial,name,value,notes
37-12758,CC_a0,-1.289060e-004,source_file: 12758.cal
37-12758,CC_a1,3.094656e-004,
37-12758,CC_a2,-4.601566e-006,
37-12758,CC_a3,2.060131e-007,
37-12758,CC_g,-9.785139e-001,
37-12758,CC_h,1.552356e-001,
37-12758,CC_i,-1.844529e-004,
37-12758,CC_j,3.855383e-005,
37-12758,CC_ctcor,3.250000e-006,
37-12758,CC_cpcor,-9.570000e-008,
37-12758,CC_wbotc,2.321641e-007,
