serial,name,value,notes
37-13546,CC_a0,-8.670428e-005,source_file: 13546.cal
37-13546,CC_a1,3.039220e-004,
37-13546,CC_a2,-4.265405e-006,
37-13546,CC_a3,1.948760e-007,
37-13546,CC_g,-1.000667e+000,
37-13546,CC_h,1.378178e-001,
37-13546,CC_i,-1.538421e-004,
37-13546,CC_j,3.083663e-005,
37-13546,CC_ctcor,3.250000e-006,
37-13546,CC_cpcor,-9.570000e-008,
37-13546,CC_wbotc,-9.270967e-008,
