serial,name,value,notes
37-10903,CC_a0,-5.087535e-05,source: QCT 3305-00116-00135
37-10903,CC_a1,3.023477e-04,
37-10903,CC_a2,-4.399906e-06,
37-10903,CC_a3,1.980504e-07,
37-10903,CC_g,-9.950672e-01,
37-10903,CC_h,1.382036e-01,
37-10903,CC_i,-2.587740e-04,
37-10903,CC_j,3.986960e-05,
37-10903,CC_cpcor,-9.570000e-08,
37-10903,CC_ctcor,3.250000e-06,
37-10903,CC_wbotc,3.101011e-07,
