serial,name,value,notes
37-13468,CC_a0,-1.292471e-04,source: QCT 3305-00116-00121
37-13468,CC_a1,3.083270e-04,
37-13468,CC_a2,-4.405378e-06,
37-13468,CC_a3,2.009194e-07,
37-13468,CC_g,-9.874925e-01,
37-13468,CC_h,1.373676e-01,
37-13468,CC_i,-2.149732e-04,
37-13468,CC_j,3.448688e-05,
37-13468,CC_cpcor,-9.570000e-08,
37-13468,CC_ctcor,3.250000e-06,
37-13468,CC_wbotc,1.552126e-07,
