serial,name,value,notes
37-13470,CC_a0,-9.602289e-05,source: QCT 3305-00116-00027
37-13470,CC_a1,3.019475e-04,
37-13470,CC_a2,-3.962591e-06,
37-13470,CC_a3,1.884100e-07,
37-13470,CC_g,-9.747761e-01,
37-13470,CC_h,1.349359e-01,
37-13470,CC_i,-1.631947e-04,
37-13470,CC_j,2.994561e-05,
37-13470,CC_cpcor,-9.570000e-08,
37-13470,CC_ctcor,3.250000e-06,
37-13470,CC_wbotc,9.293176e-08,
