serial,name,value,notes
37-11117,CC_a0,-7.661063e-05,source_file: 3305-00116-00015-A_SN_37-11117_QCT_Results_METBK-CT.cap
37-11117,CC_a1,3.016239e-04,
37-11117,CC_a2,-4.152473e-06,
37-11117,CC_a3,1.935902e-07,
37-11117,CC_g,-9.906886e-01,
37-11117,CC_h,1.346123e-01,
37-11117,CC_i,-2.211410e-04,
37-11117,CC_j,3.328410e-05,
37-11117,CC_ctcor,3.250000e-06,
37-11117,CC_cpcor,-9.570000e-08,
37-11117,CC_wbotc,4.601398e-07,
