serial,name,value,notes
37-11091,CC_a0,-1.048987e-004,source_file: 11091.cal
37-11091,CC_a1,3.091422e-004,
37-11091,CC_a2,-4.738975e-006,
37-11091,CC_a3,2.092959e-007,
37-11091,CC_g,-9.760764e-001,
37-11091,CC_h,1.332674e-001,
37-11091,CC_i,-2.745450e-004,
37-11091,CC_j,3.901411e-005,
37-11091,CC_ctcor,3.250000e-006,
37-11091,CC_cpcor,-9.570000e-008,
37-11091,CC_wbotc,4.610894e-007,
