serial,name,value,notes
37-10138,CC_a0,-1.274917e-004,source_file: 10138.cal
37-10138,CC_a1,3.080231e-004,
37-10138,CC_a2,-4.387638e-006,
37-10138,CC_a3,1.989712e-007,
37-10138,CC_g,-9.713178e-001,
37-10138,CC_h,1.486825e-001,
37-10138,CC_i,-3.842384e-004,
37-10138,CC_j,5.048758e-005,
37-10138,CC_ctcor,3.250000e-006,
37-10138,CC_cpcor,-9.570000e-008,
37-10138,CC_wbotc,-2.602442e-007,
