serial,name,value,notes
37-12754,CC_a0,-1.204569e-004,source_file METBK-CT_SN_37-12754_Calibration_Files_2024-05-22.zip > 12754.cal
37-12754,CC_a1,3.097176e-004,
37-12754,CC_a2,-4.661502e-006,
37-12754,CC_a3,2.070542e-007,
37-12754,CC_g,-9.837698e-001,
37-12754,CC_h,1.696281e-001,
37-12754,CC_i,-4.995519e-004,
37-12754,CC_j,6.789640e-005,
37-12754,CC_ctcor,3.250000e-006,
37-12754,CC_cpcor,-9.570000e-008,
37-12754,CC_wbotc,1.726067e-007,
