serial,name,value,notes
37-11123,CC_a0,-3.168789e-005,source_file: 11123.cal
37-11123,CC_a1,2.940013e-004,
37-11123,CC_a2,-3.625150e-006,
37-11123,CC_a3,1.801569e-007,
37-11123,CC_g,-1.002286e+000,
37-11123,CC_h,1.418669e-001,
37-11123,CC_i,-2.613922e-004,
37-11123,CC_j,3.989414e-005,
37-11123,CC_ctcor,3.250000e-006,
37-11123,CC_cpcor,-9.570000e-008,
37-11123,CC_wbotc,4.382868e-007,
