serial,name,value,notes
37-11558,CC_a0,-7.732800e-05,source_file: 3305-00116-00045-A_SN_37-11558_QCT_Results_METBK-CT.cap
37-11558,CC_a1,3.026728e-04,
37-11558,CC_a2,-4.225061e-06,
37-11558,CC_a3,1.937658e-07,
37-11558,CC_g,-9.840437e-01,
37-11558,CC_h,1.677007e-01,
37-11558,CC_i,-5.457079e-04,
37-11558,CC_j,7.016733e-05,
37-11558,CC_ctcor,3.250000e-06,
37-11558,CC_cpcor,-9.570000e-08,
37-11558,CC_wbotc,4.803212e-07,
