serial,name,value,notes
37-13546,CC_a0,-1.013400e-004,source_file: 13546.cal
37-13546,CC_a1,3.049611e-004,
37-13546,CC_a2,-4.298369e-006,
37-13546,CC_a3,1.975418e-007,
37-13546,CC_g,-9.877512e-001,
37-13546,CC_h,1.360019e-001,
37-13546,CC_i,-1.326433e-004,
37-13546,CC_j,2.884401e-005,
37-13546,CC_ctcor,3.250000e-006,
37-13546,CC_cpcor,-9.570000e-008,
37-13546,CC_wbotc,-9.270967e-008,
