serial,name,value,notes
37-13469,CC_a0,-1.470837e-04,source: QCT 3305-00116-00055
37-13469,CC_a1,3.136180e-04,
37-13469,CC_a2,-4.923897e-06,
37-13469,CC_a3,2.140914e-07,
37-13469,CC_g,-9.734282e-01,
37-13469,CC_h,1.334927e-01,
37-13469,CC_i,-1.067437e-04,
37-13469,CC_j,2.670083e-05,
37-13469,CC_cpcor,-9.570000e-08,
37-13469,CC_ctcor,3.250000e-06,
37-13469,CC_wbotc,2.776292e-07,
