serial,name,value,notes
37-13543,CC_a0,-1.291345e-004,source_file: 13543.cal
37-13543,CC_a1,3.122384e-004,
37-13543,CC_a2,-4.906759e-006,
37-13543,CC_a3,2.131616e-007,
37-13543,CC_g,-9.911114e-001,
37-13543,CC_h,1.345840e-001,
37-13543,CC_i,-1.411693e-004,
37-13543,CC_j,2.826780e-005,
37-13543,CC_ctcor,3.250000e-006,
37-13543,CC_cpcor,-9.570000e-008,
37-13543,CC_wbotc,3.989240e-007,
