serial,name,value,notes
37-10138,CC_a0,-1.563546e-004,source_file: 10138.cal
37-10138,CC_a1,3.154538e-004,
37-10138,CC_a2,-4.989679e-006,
37-10138,CC_a3,2.142414e-007,
37-10138,CC_g,-9.712413e-001,
37-10138,CC_h,1.486240e-001,
37-10138,CC_i,-3.708762e-004,
37-10138,CC_j,5.112245e-005,
37-10138,CC_ctcor,3.250000e-006,
37-10138,CC_cpcor,-9.570000e-008,
37-10138,CC_wbotc,-2.602442e-007,
