serial,name,value,notes
37-11560,CC_a0,-7.845193e-05,source_file: 3305-00116-00050-A_SN_37-11560_QCT_Results_METBK-CT.txt
37-11560,CC_a1,2.994139e-04,
37-11560,CC_a2,-3.885551e-06,
37-11560,CC_a3,1.888520e-07,
37-11560,CC_g,-9.760479e-01,
37-11560,CC_h,1.278644e-01,
37-11560,CC_i,-2.815742e-04,
37-11560,CC_j,3.625026e-05,
37-11560,CC_ctcor,3.250000e-06,
37-11560,CC_cpcor,-9.570000e-08,
37-11560,CC_wbotc,9.030768e-08,
