serial,name,value,notes
37-11000,CC_a0,-1.124776e-04,source: QCT 3305-00116-00099
37-11000,CC_a1,3.095092e-04,
37-11000,CC_a2,-4.727113e-06,
37-11000,CC_a3,2.076045e-07,
37-11000,CC_g,-9.824235e-01,
37-11000,CC_h,1.266732e-01,
37-11000,CC_i,-4.065263e-04,
37-11000,CC_j,4.500044e-05,
37-11000,CC_cpcor,-9.570000e-08,
37-11000,CC_ctcor,3.250000e-06,
37-11000,CC_wbotc,1.133594e-06,
