serial,name,value,notes
37-11090,CC_a0,-1.293987e-004,source_file: 11090.cal
37-11090,CC_a1,3.142496e-004,
37-11090,CC_a2,-5.124527e-006,
37-11090,CC_a3,2.177120e-007,
37-11090,CC_g,-9.799453e-001,
37-11090,CC_h,1.396750e-001,
37-11090,CC_i,-2.600614e-004,
37-11090,CC_j,3.976536e-005,
37-11090,CC_ctcor,3.250000e-006,
37-11090,CC_cpcor,-9.570000e-008,
37-11090,CC_wbotc,2.827399e-007,
