serial,name,value,notes
37-12758,CC_a0,-1.496770e-004,source_file: 12758.cal
37-12758,CC_a1,3.144823e-004,
37-12758,CC_a2,-5.005275e-006,
37-12758,CC_a3,2.168374e-007,
37-12758,CC_g,-9.807521e-001,
37-12758,CC_h,1.561576e-001,
37-12758,CC_i,-4.814153e-004,
37-12758,CC_j,6.478703e-005,
37-12758,CC_ctcor,3.250000e-006,
37-12758,CC_cpcor,-9.570000e-008,
37-12758,CC_wbotc,2.321641e-007,
