serial,name,value,notes
37-13470,CC_a0,-1.201417e-04,source: QCT 3305-00116-00132
37-13470,CC_a1,3.076800e-04,
37-13470,CC_a2,-4.415597e-06,
37-13470,CC_a3,2.003093e-07,
37-13470,CC_g,-9.744364e-01,
37-13470,CC_h,1.347803e-01,
37-13470,CC_i,-1.166945e-04,
37-13470,CC_j,2.683552e-05,
37-13470,CC_cpcor,-9.570000e-08,
37-13470,CC_ctcor,3.250000e-06,
37-13470,CC_wbotc,9.293176e-08,
