serial,name,value,notes
37-10906,CC_a0,-5.969051e-05,source: QCT 3305-00116-00056
37-10906,CC_a1,2.955874e-04,
37-10906,CC_a2,-3.628185e-06,
37-10906,CC_a3,1.801787e-07,
37-10906,CC_g,-9.793444e-01,
37-10906,CC_h,1.365734e-01,
37-10906,CC_i,-2.395878e-04,
37-10906,CC_j,3.657167e-05,
37-10906,CC_cpcor,-9.570000e-08,
37-10906,CC_ctcor,3.250000e-06,
37-10906,CC_wbotc,5.593731e-07,
