serial,name,value,notes
37-10138,CC_a0,-5.482924e-05,source_file: 3305-00116-00044-A_SN_37-10138_QCT_Results_METBK-CT.cap
37-10138,CC_a1,2.970856e-04,
37-10138,CC_a2,-3.795045e-06,
37-10138,CC_a3,1.835623e-07,
37-10138,CC_g,-9.714364e-01,
37-10138,CC_h,1.486876e-01,
37-10138,CC_i,-3.803580e-04,
37-10138,CC_j,5.020217e-05,
37-10138,CC_ctcor,3.250000e-06,
37-10138,CC_cpcor,-9.570000e-08,
37-10138,CC_wbotc,-2.602442e-07,
