serial,name,value,notes
37-11560,CC_a0,-9.198324e-05,source_file: 3305-00116-00112-A_SN_37-11560_QCT_Results_METBK-CT.cap
37-11560,CC_a1,3.025253e-04,
37-11560,CC_a2,-4.122829e-06,
37-11560,CC_a3,1.948491e-07,
37-11560,CC_g,-9.768285e-01,
37-11560,CC_h,1.282788e-01,
37-11560,CC_i,-4.280802e-04,
37-11560,CC_j,4.782348e-05,
37-11560,CC_ctcor,3.250000e-06,
37-11560,CC_cpcor,-9.570000e-08,
37-11560,CC_wbotc,9.030768e-08,
