serial,name,value,notes
37-13470,CC_a0,-1.909187e-04,source: QCT 3305-00116-00200
37-13470,CC_a1,3.143966e-04,
37-13470,CC_a2,-4.543400e-06,
37-13470,CC_a3,2.035734e-07,
37-13470,CC_g,-9.754803e-01,
37-13470,CC_h,1.350301e-01,
37-13470,CC_i,-1.680988e-04,
37-13470,CC_j,3.077473e-05,
37-13470,CC_cpcor,-9.570000e-08,
37-13470,CC_ctcor,3.250000e-06,
37-13470,CC_wbotc,9.293176e-08,
