serial,name,value,notes
37-11123,CC_a0,-2.095888e-05,source_file: 3305-00116-00047-A_SN_37-11123_QCT_Results_METBK-CT.cap
37-11123,CC_a1,2.913155e-04,
37-11123,CC_a2,-3.401766e-06,
37-11123,CC_a3,1.739823e-07,
37-11123,CC_g,-1.002279e+00,
37-11123,CC_h,1.418944e-01,
37-11123,CC_i,-2.743555e-04,
37-11123,CC_j,4.088217e-05,
37-11123,CC_ctcor,3.250000e-06,
37-11123,CC_cpcor,-9.570000e-08,
37-11123,CC_wbotc,4.382868e-07,
