serial,name,value,notes
37-13543,CC_a0,-6.001246e-005,source_file: 13543.cal
37-13543,CC_a1,2.958557e-004,
37-13543,CC_a2,-3.611546e-006,
37-13543,CC_a3,1.790028e-007,
37-13543,CC_g,-9.906283e-001,
37-13543,CC_h,1.343362e-001,
37-13543,CC_i,-6.024487e-005,
37-13543,CC_j,2.205230e-005,
37-13543,CC_ctcor,3.250000e-006,
37-13543,CC_cpcor,-9.570000e-008,
37-13543,CC_wbotc,3.989240e-007,
