serial,name,value,notes
37-10903,CC_a0,-5.346924e-05,source: QCT 3305-00116-00037
37-10903,CC_a1,3.029421e-04,
37-10903,CC_a2,-4.444712e-06,
37-10903,CC_a3,1.991467e-07,
37-10903,CC_g,-9.874598e-01,
37-10903,CC_h,1.372462e-01,
37-10903,CC_i,-2.949072e-04,
37-10903,CC_j,4.026420e-05,
37-10903,CC_cpcor,-9.570000e-08,
37-10903,CC_ctcor,3.250000e-06,
37-10903,CC_wbotc,3.101011e-07,
