serial,name,value,notes
37-13472,CC_a0,-1.153810e-04,source_file: 3305-00116-00059-A_SN_37-13472_QCT_Results_METBK-CT.cap
37-13472,CC_a1,3.045902e-04,
37-13472,CC_a2,-4.093360e-06,
37-13472,CC_a3,1.904440e-07,
37-13472,CC_g,-9.820054e-01,
37-13472,CC_h,1.325858e-01,
37-13472,CC_i,-1.707590e-04,
37-13472,CC_j,3.126344e-05,
37-13472,CC_ctcor,3.250000e-06,
37-13472,CC_cpcor,-9.570000e-08,
37-13472,CC_wbotc,-3.059179e-08,
