serial,name,value,notes
37-13472,CC_a0,-1.290960e-04,source_file: 3305-00116-00106-A_SN_37-13472_QCT_Results_METBK-CT.cap
37-13472,CC_a1,3.079969e-04,
37-13472,CC_a2,-4.375408e-06,
37-13472,CC_a3,1.982267e-07,
37-13472,CC_g,-9.823025e-01,
37-13472,CC_h,1.326861e-01,
37-13472,CC_i,-1.989082e-04,
37-13472,CC_j,3.312263e-05,
37-13472,CC_ctcor,3.250000e-06,
37-13472,CC_cpcor,-9.570000e-08,
37-13472,CC_wbotc,-3.059179e-08,
