serial,name,value,notes
37SM61212-8028,CC_a0,-5.479402e-005,source_file: 8028.cal
37SM61212-8028,CC_a1,2.959519e-004,
37SM61212-8028,CC_a2,-3.612879e-006,
37SM61212-8028,CC_a3,1.768238e-007,
37SM61212-8028,CC_g,-1.033016e+000,
37SM61212-8028,CC_h,1.405959e-001,
37SM61212-8028,CC_i,-7.015571e-005,
37SM61212-8028,CC_j,2.722872e-005,
37SM61212-8028,CC_ctcor,3.250000e-006,
37SM61212-8028,CC_cpcor,-9.570000e-008,
37SM61212-8028,CC_wbotc,0.000000e+000,
