serial,name,value,notes
37-13469,CC_a0,-1.401035e-04,source: QCT 3305-00116-00026
37-13469,CC_a1,3.122910e-04,
37-13469,CC_a2,-4.845908e-06,
37-13469,CC_a3,2.127718e-07,
37-13469,CC_g,-9.735950e-01,
37-13469,CC_h,1.335662e-01,
37-13469,CC_i,-1.255865e-04,
37-13469,CC_j,2.727935e-05,
37-13469,CC_cpcor,-9.570000e-08,
37-13469,CC_ctcor,3.250000e-06,
37-13469,CC_wbotc,2.776292e-07,
