serial,name,value,notes
37-12756,CC_a0,-1.886076e-004,source_file METBK-CT_SN_37-12756_Calibration_Files_2023-10-26.zip > 12756.cal
37-12756,CC_a1,3.242376e-004,
37-12756,CC_a2,-5.805928e-006,
37-12756,CC_a3,2.382292e-007,
37-12756,CC_g,-9.927826e-001,
37-12756,CC_h,1.541336e-001,
37-12756,CC_i,-1.692565e-004,
37-12756,CC_j,3.563510e-005,
37-12756,CC_ctcor,3.250000e-006,
37-12756,CC_cpcor,-9.570000e-008,
37-12756,CC_wbotc,2.297035e-007,
