serial,name,value,notes
37-11091,CC_a0,-6.692044e-05,source_file: 3305-00116-00006-A_SN_37-11091_QCT_Results_METBK-CT.cap
37-11091,CC_a1,3.002372e-04,
37-11091,CC_a2,-4.042667e-06,
37-11091,CC_a3,1.911335e-07,
37-11091,CC_g,-9.762318e-01,
37-11091,CC_h,1.332121e-01,
37-11091,CC_i,-2.270728e-04,
37-11091,CC_j,3.369964e-05,
37-11091,CC_ctcor,3.250000e-06,
37-11091,CC_cpcor,-9.570000e-08,
37-11091,CC_wbotc,4.610894e-07,
