serial,name,value,notes
37-13468,CC_a0,-1.539644e-04,source: QCT 3305-00116-00173
37-13468,CC_a1,3.141318e-04,
37-13468,CC_a2,-4.859456e-06,
37-13468,CC_a3,2.127503e-07,
37-13468,CC_g,-9.871418e-01,
37-13468,CC_h,1.373885e-01,
37-13468,CC_i,-2.474285e-04,
37-13468,CC_j,3.627284e-05,
37-13468,CC_cpcor,-9.570000e-08,
37-13468,CC_ctcor,3.250000e-06,
37-13468,CC_wbotc,1.552126e-07,
