serial,name,value,notes
37-11560,CC_a0,-1.168435e-004,source_file: 11560.cal
37-11560,CC_a1,3.084719e-004,
37-11560,CC_a2,-4.597284e-006,
37-11560,CC_a3,2.074730e-007,
37-11560,CC_g,-9.769800e-001,
37-11560,CC_h,1.283478e-001,
37-11560,CC_i,-4.507631e-004,
37-11560,CC_j,4.992260e-005,
37-11560,CC_ctcor,3.250000e-006,
37-11560,CC_cpcor,-9.570000e-008,
37-11560,CC_wbotc,9.030768e-008,
