serial,name,value,notes
37-13470,CC_a0,-1.148831e-04,source: QCT 3305-00116-00066
37-13470,CC_a1,3.063203e-04,
37-13470,CC_a2,-4.299889e-06,
37-13470,CC_a3,1.970645e-07,
37-13470,CC_g,-9.747047e-01,
37-13470,CC_h,1.349072e-01,
37-13470,CC_i,-1.587456e-04,
37-13470,CC_j,3.043340e-05,
37-13470,CC_cpcor,-9.570000e-08,
37-13470,CC_ctcor,3.250000e-06,
37-13470,CC_wbotc,9.293176e-08,
