serial,name,value,notes
37-11092,CC_a0,-7.789597e-005,source: 11092.cal
37-11092,CC_a1,3.009496e-004,
37-11092,CC_a2,-4.000157e-006,
37-11092,CC_a3,1.890538e-007,
37-11092,CC_g,-1.007359e+000,
37-11092,CC_h,1.403880e-001,
37-11092,CC_i,-1.792783e-004,
37-11092,CC_j,3.349095e-005,
37-11092,CC_cpcor,-9.570000e-008,
37-11092,CC_ctcor,3.250000e-006,
37-11092,CC_wbotc,4.973263e-007,
