serial,name,value,notes
37-10904,CC_a0,-7.805071e-05,source: QCT 3305-00116-00170
37-10904,CC_a1,3.083366e-04,
37-10904,CC_a2,-4.849483e-06,
37-10904,CC_a3,2.104156e-07,
37-10904,CC_g,-1.021866e+00,
37-10904,CC_h,1.408242e-01,
37-10904,CC_i,-1.141183e-04,
37-10904,CC_j,2.770810e-05,
37-10904,CC_cpcor,-9.570000e-08,
37-10904,CC_ctcor,3.250000e-06,
37-10904,CC_wbotc,6.803412e-07,
