serial,name,value,notes
37-12755,CC_a0,-1.061680e-004,source_file: 12755.cal
37-12755,CC_a1,3.065674e-004,
37-12755,CC_a2,-4.434872e-006,
37-12755,CC_a3,2.000321e-007,
37-12755,CC_g,-9.941358e-001,
37-12755,CC_h,1.541630e-001,
37-12755,CC_i,-1.728603e-004,
37-12755,CC_j,3.686242e-005,
37-12755,CC_ctcor,3.250000e-006,
37-12755,CC_cpcor,-9.570000e-008,
37-12755,CC_wbotc,9.837923e-008,
