serial,name,value,notes
37-13543,CC_a0,-1.131567e-004,source_file METBK-CT_SN_37-13543_Calibration_Files_2024-01-05.zip > 13543.cal
37-13543,CC_a1,3.083857e-004,
37-13543,CC_a2,-4.596564e-006,
37-13543,CC_a3,2.048180e-007,
37-13543,CC_g,-9.926559e-001,
37-13543,CC_h,1.350159e-001,
37-13543,CC_i,-2.480443e-004,
37-13543,CC_j,3.599593e-005,
37-13543,CC_ctcor,3.250000e-006,
37-13543,CC_cpcor,-9.570000e-008,
37-13543,CC_wbotc,3.989240e-007,
