serial,name,value,notes
37-11001,CC_a0,-1.466877e-04,source_file: 3305-00116-00070-A_SN_37-11001_QCT_Results_METBK-CT.cap
37-11001,CC_a1,3.160894e-04,
37-11001,CC_a2,-5.128899e-06,
37-11001,CC_a3,2.189675e-07,
37-11001,CC_g,-9.986295e-01,
37-11001,CC_h,1.396956e-01,
37-11001,CC_i,-3.156413e-04,
37-11001,CC_j,4.202114e-05,
37-11001,CC_ctcor,3.250000e-06,
37-11001,CC_cpcor,-9.570000e-08,
37-11001,CC_wbotc,8.089786e-07,
