serial,name,value,notes
37-11116,CC_a0,-3.873557e-005,source_file METBK-CT_SN_37-11116_Calibration_Files_2025-01-09.zip > 11116.cal
37-11116,CC_a1,2.917133e-004,
37-11116,CC_a2,-3.328691e-006,
37-11116,CC_a3,1.724711e-007,
37-11116,CC_g,-1.011917e+000,
37-11116,CC_h,1.448404e-001,
37-11116,CC_i,-2.478099e-004,
37-11116,CC_j,3.695734e-005,
37-11116,CC_ctcor,3.250000e-006,
37-11116,CC_cpcor,-9.570000e-008,
37-11116,CC_wbotc,4.407768e-007,
