serial,name,value,notes
37-13471,CC_a0,-1.471174e-04,source: QCT 3305-00116-00151
37-13471,CC_a1,3.189374e-04,
37-13471,CC_a2,-5.490252e-06,
37-13471,CC_a3,2.284470e-07,
37-13471,CC_g,-9.788905e-01,
37-13471,CC_h,1.356052e-01,
37-13471,CC_i,-2.226831e-04,
37-13471,CC_j,3.569615e-05,
37-13471,CC_cpcor,-9.570000e-08,
37-13471,CC_ctcor,3.250000e-06,
37-13471,CC_wbotc,4.336702e-07,
