serial,name,value,notes
37-12755,CC_a0,2.282483e-05,source_file: 3305-00116-00035-A_SN_37-12755_QCT_Results_METBK-CT.cap
37-12755,CC_a1,2.764825e-04,
37-12755,CC_a2,-2.095461e-06,
37-12755,CC_a3,1.393709e-07,
37-12755,CC_g,-9.935856e-01,
37-12755,CC_h,1.539654e-01,
37-12755,CC_i,-1.169206e-04,
37-12755,CC_j,3.249141e-05,
37-12755,CC_ctcor,3.250000e-06,
37-12755,CC_cpcor,-9.570000e-08,
37-12755,CC_wbotc,9.837923e-08,
