serial,name,value,notes
37-13545,CC_a0,-1.142064e-004,source_file: 13545.cal
37-13545,CC_a1,3.078752e-004,
37-13545,CC_a2,-4.582133e-006,
37-13545,CC_a3,2.059982e-007,
37-13545,CC_g,-9.788052e-001,
37-13545,CC_h,1.330514e-001,
37-13545,CC_i,-1.308958e-004,
37-13545,CC_j,2.844286e-005,
37-13545,CC_ctcor,3.250000e-006,
37-13545,CC_cpcor,-9.570000e-008,
37-13545,CC_wbotc,3.070567e-008,
