serial,name,value,notes
37-12755,CC_a0,-9.845601e-005,source_file: 12755.cal
37-12755,CC_a1,3.047704e-004,
37-12755,CC_a2,-4.295382e-006,
37-12755,CC_a3,1.964261e-007,
37-12755,CC_g,-9.924316e-001,
37-12755,CC_h,1.536068e-001,
37-12755,CC_i,-3.347892e-005,
37-12755,CC_j,2.739397e-005,
37-12755,CC_ctcor,3.250000e-006,
37-12755,CC_cpcor,-9.570000e-008,
37-12755,CC_wbotc,9.837923e-008,
