serial,name,value,notes
37-11001,CC_a0,-1.716410e-04,source_file: 3305-00116-00036-A_SN_37-11001_QCT_Results_METBK-CT.txt
37-11001,CC_a1,3.220017e-04,
37-11001,CC_a2,-5.596130e-06,
37-11001,CC_a3,2.312837e-07,
37-11001,CC_g,-9.977762e-01,
37-11001,CC_h,1.395785e-01,
37-11001,CC_i,-2.849480e-04,
37-11001,CC_j,3.939127e-05,
37-11001,CC_ctcor,3.250000e-06,
37-11001,CC_cpcor,-9.570000e-08,
37-11001,CC_wbotc,8.089786e-07,
