serial,name,value,notes
37-10904,CC_a0,-3.044082e-05,source: QCT 3305-00116-00181
37-10904,CC_a1,2.972332e-04,
37-10904,CC_a2,-3.986730e-06,
37-10904,CC_a3,1.880804e-07,
37-10904,CC_g,-1.022938e+00,
37-10904,CC_h,1.411823e-01,
37-10904,CC_i,-2.132702e-04,
37-10904,CC_j,3.544692e-05,
37-10904,CC_cpcor,-9.570000e-08,
37-10904,CC_ctcor,3.250000e-06,
37-10904,CC_wbotc,6.803412e-07,
