serial,name,value,notes
37-12754,CC_a0,-1.175889e-04,source_file: 3305-00116-00104-A_SN_37-12754_QCT_Results_METBK-CT.cap
37-12754,CC_a1,3.091436e-04,
37-12754,CC_a2,-4.624007e-06,
37-12754,CC_a3,2.062597e-07,
37-12754,CC_g,-9.864551e-01,
37-12754,CC_h,1.702694e-01,
37-12754,CC_i,-5.991308e-04,
37-12754,CC_j,7.452442e-05,
37-12754,CC_ctcor,3.250000e-06,
37-12754,CC_cpcor,-9.570000e-08,
37-12754,CC_wbotc,1.726067e-07,
