serial,name,value,notes
37-11116,CC_a0,7.437011e-005,source_file: 11116.cal
37-11116,CC_a1,2.646104e-004,
37-11116,CC_a2,-1.166645e-006,
37-11116,CC_a3,1.150592e-007,
37-11116,CC_g,-1.010220e+000,
37-11116,CC_h,1.445009e-001,
37-11116,CC_i,-2.104731e-004,
37-11116,CC_j,3.726011e-005,
37-11116,CC_ctcor,3.250000e-006,
37-11116,CC_cpcor,-9.570000e-008,
37-11116,CC_wbotc,4.407768e-007,
