serial,name,value,notes
37-11561,CC_a0,-2.258162e-006,source_file METBK-CT_SN_37-11561_Calibration_Files_2024-12-04.zip > 11561.cal
37-11561,CC_a1,2.820264e-004,
37-11561,CC_a2,-2.547968e-006,
37-11561,CC_a3,1.513386e-007,
37-11561,CC_g,-9.802188e-001,
37-11561,CC_h,1.690494e-001,
37-11561,CC_i,-5.069404e-004,
37-11561,CC_j,6.520273e-005,
37-11561,CC_ctcor,3.250000e-006,
37-11561,CC_cpcor,-9.570000e-008,
37-11561,CC_wbotc,4.142735e-007,
