serial,name,value,notes
37-10903,CC_a0,1.165936e-04,source: QCT 3305-00116-00197
37-10903,CC_a1,2.621817e-04,
37-10903,CC_a2,-1.193395e-06,
37-10903,CC_a3,1.128444e-07,
37-10903,CC_g,-9.967449e-01,
37-10903,CC_h,1.384496e-01,
37-10903,CC_i,-2.672866e-04,
37-10903,CC_j,4.098213e-05,
37-10903,CC_cpcor,-9.570000e-08,
37-10903,CC_ctcor,3.250000e-06,
37-10903,CC_wbotc,3.101011e-07,
