serial,name,value,notes
37-11093,CC_a0,-6.157702e-005,source_file: 11093.cal
37-11093,CC_a1,3.024339e-004,
37-11093,CC_a2,-4.342896e-006,
37-11093,CC_a3,1.979708e-007,
37-11093,CC_g,-9.780839e-001,
37-11093,CC_h,1.365273e-001,
37-11093,CC_i,-2.090672e-004,
37-11093,CC_j,3.520094e-005,
37-11093,CC_ctcor,3.250000e-006,
37-11093,CC_cpcor,-9.570000e-008,
37-11093,CC_wbotc,4.976298e-007,
