serial,name,value,notes
37-10904,CC_a0,-3.852662e-05,source: QCT 3305-00116-00013
37-10904,CC_a1,2.987151e-04,
37-10904,CC_a2,-4.071012e-06,
37-10904,CC_a3,1.894883e-07,
37-10904,CC_g,-9.783003e-01,
37-10904,CC_h,1.351458e-01,
37-10904,CC_i,-2.523285e-04,
37-10904,CC_j,3.693871e-05,
37-10904,CC_cpcor,-9.570000e-08,
37-10904,CC_ctcor,3.250000e-06,
37-10904,CC_wbotc,6.803412e-07,
