serial,name,value,notes
37-11092,CC_a0,-1.102977e-04,source: QCT 3305-00116-00158
37-11092,CC_a1,3.087017e-04,
37-11092,CC_a2,-4.618000e-06,
37-11092,CC_a3,2.054573e-07,
37-11092,CC_g,-1.008149e+00,
37-11092,CC_h,1.406381e-01,
37-11092,CC_i,-2.423588e-04,
37-11092,CC_j,3.767050e-05,
37-11092,CC_cpcor,-9.570000e-08,
37-11092,CC_ctcor,3.250000e-06,
37-11092,CC_wbotc,4.973263e-07,
