serial,name,value,notes
37-13546,CC_a0,-7.367228e-05,source_file: 3305-00116-00053-A_SN_37-13546_QCT_Results_METBK-CT.txt
37-13546,CC_a1,3.007168e-04,
37-13546,CC_a2,-4.002264e-06,
37-13546,CC_a3,1.876738e-07,
37-13546,CC_g,-1.000050e+00,
37-13546,CC_h,1.378005e-01,
37-13546,CC_i,-1.814767e-04,
37-13546,CC_j,3.237991e-05,
37-13546,CC_ctcor,3.250000e-06,
37-13546,CC_cpcor,-9.570000e-08,
37-13546,CC_wbotc,-9.270967e-08,
