serial,name,value,notes
37-11561,CC_a0,-1.217889e-04,source_file: 3305-00116-00003-A_SN_37-11561_QCT_Results_METBK-CT.cap
37-11561,CC_a1,3.101322e-04,
37-11561,CC_a2,-4.749141e-06,
37-11561,CC_a3,2.087582e-07,
37-11561,CC_g,-9.795239e-01,
37-11561,CC_h,1.690181e-01,
37-11561,CC_i,-5.432267e-04,
37-11561,CC_j,6.991711e-05,
37-11561,CC_ctcor,3.250000e-06,
37-11561,CC_cpcor,-9.570000e-08,
37-11561,CC_wbotc,4.142735e-07,
