serial,name,value,notes
37-11558,CC_a0,-5.748261e-05,source_file: 3305-00116-00094-A_SN_37-11558_QCT_Results_METBK-CT.cap
37-11558,CC_a1,2.980858e-04,
37-11558,CC_a2,-3.871906e-06,
37-11558,CC_a3,1.847068e-07,
37-11558,CC_g,-9.838252e-01,
37-11558,CC_h,1.676590e-01,
37-11558,CC_i,-5.469223e-04,
37-11558,CC_j,6.960658e-05,
37-11558,CC_ctcor,3.250000e-06,
37-11558,CC_cpcor,-9.570000e-08,
37-11558,CC_wbotc,4.803212e-07,
