serial,name,value,notes
37-13471,CC_a0,-6.790996e-05,source: QCT 3305-00116-00210
37-13471,CC_a1,2.997428e-04,
37-13471,CC_a2,-3.942313e-06,
37-13471,CC_a3,1.869104e-07,
37-13471,CC_g,-9.888583e-01,
37-13471,CC_h,1.372379e-01,
37-13471,CC_i,-3.409193e-04,
37-13471,CC_j,4.438249e-05,
37-13471,CC_cpcor,-9.570000e-08,
37-13471,CC_ctcor,3.250000e-06,
37-13471,CC_wbotc,4.336702e-07,
