serial,name,value,notes
37-13542,CC_a0,-9.558419e-05,source_file: 3305-00116-00075-A_SN_37-13542_QCT_Results_METBK-CT.cap
37-13542,CC_a1,3.040192e-04,
37-13542,CC_a2,-4.254692e-06,
37-13542,CC_a3,1.961693e-07,
37-13542,CC_g,-9.851078e-01,
37-13542,CC_h,1.389345e-01,
37-13542,CC_i,-1.664636e-04,
37-13542,CC_j,3.225703e-05,
37-13542,CC_ctcor,3.250000e-06,
37-13542,CC_cpcor,-9.570000e-08,
37-13542,CC_wbotc,3.439749e-07,
