serial,name,value,notes
37-11558,CC_a0,-7.755428e-05,source_file: 3305-00116-00002-A_SN_37-11558_QCT_Results_METBK-CT.cap
37-11558,CC_a1,3.026402e-04,
37-11558,CC_a2,-4.215943e-06,
37-11558,CC_a3,1.933615e-07,
37-11558,CC_g,-9.836058e-01,
37-11558,CC_h,1.676020e-01,
37-11558,CC_i,-5.269955e-04,
37-11558,CC_j,6.888697e-05,
37-11558,CC_ctcor,3.250000e-06,
37-11558,CC_cpcor,-9.570000e-08,
37-11558,CC_wbotc,4.803212e-07,
