serial,name,value,notes
37-10905,CC_a0,-7.645456e-05,source: QCT 3305-00116-00085
37-10905,CC_a1,3.015815e-04,
37-10905,CC_a2,-4.126774e-06,
37-10905,CC_a3,1.917729e-07,
37-10905,CC_g,-9.831524e-01,
37-10905,CC_h,1.343368e-01,
37-10905,CC_i,-2.379701e-04,
37-10905,CC_j,3.574684e-05,
37-10905,CC_cpcor,-9.570000e-08,
37-10905,CC_ctcor,3.250000e-06,
37-10905,CC_wbotc,4.306288e-07,
