serial,name,value,notes
37-11000,CC_a0,-1.314032e-04,source: QCT 3305-00116-00039
37-11000,CC_a1,3.140916e-04,
37-11000,CC_a2,-5.097456e-06,
37-11000,CC_a3,2.175938e-07,
37-11000,CC_g,-9.821407e-01,
37-11000,CC_h,1.266029e-01,
37-11000,CC_i,-3.875958e-04,
37-11000,CC_j,4.312814e-05,
37-11000,CC_cpcor,-9.570000e-08,
37-11000,CC_ctcor,3.250000e-06,
37-11000,CC_wbotc,1.133594e-06,
