serial,name,value,notes
37-13470,CC_a0,-1.004141e-04,source: QCT 3305-00116-00162
37-13470,CC_a1,3.029407e-04,
37-13470,CC_a2,-4.037195e-06,
37-13470,CC_a3,1.902683e-07,
37-13470,CC_g,-9.755543e-01,
37-13470,CC_h,1.350564e-01,
37-13470,CC_i,-1.758151e-04,
37-13470,CC_j,3.119175e-05,
37-13470,CC_cpcor,-9.570000e-08,
37-13470,CC_ctcor,3.250000e-06,
37-13470,CC_wbotc,9.293176e-08,
