serial,name,value,notes
37-11561,CC_a0,-1.270649e-04,source_file: 3305-00116-00046-A_SN_37-11561_QCT_Results_METBK-CT.cap
37-11561,CC_a1,3.116390e-04,
37-11561,CC_a2,-4.888177e-06,
37-11561,CC_a3,2.129372e-07,
37-11561,CC_g,-9.798214e-01,
37-11561,CC_h,1.690202e-01,
37-11561,CC_i,-5.228204e-04,
37-11561,CC_j,6.776250e-05,
37-11561,CC_ctcor,3.250000e-06,
37-11561,CC_cpcor,-9.570000e-08,
37-11561,CC_wbotc,4.142735e-07,
