serial,name,value,notes
37-11123,CC_a0,-5.717736e-05,source_file: 3305-00116-00091-A_SN_37-11123_QCT_Results_METBK-CT.cap
37-11123,CC_a1,2.999843e-04,
37-11123,CC_a2,-4.093201e-06,
37-11123,CC_a3,1.923587e-07,
37-11123,CC_g,-1.003703e+00,
37-11123,CC_h,1.423065e-01,
37-11123,CC_i,-3.763640e-04,
37-11123,CC_j,4.863367e-05,
37-11123,CC_ctcor,3.250000e-06,
37-11123,CC_cpcor,-9.570000e-08,
37-11123,CC_wbotc,4.382868e-07,
