serial,name,value,notes
37-11002,CC_a0,-5.717774e-005,source_file: 11002.cal
37-11002,CC_a1,3.007338e-004,
37-11002,CC_a2,-4.153140e-006,
37-11002,CC_a3,1.923790e-007,
37-11002,CC_g,-9.798206e-001,
37-11002,CC_h,1.372663e-001,
37-11002,CC_i,-2.107281e-004,
37-11002,CC_j,3.423792e-005,
37-11002,CC_ctcor,3.250000e-006,
37-11002,CC_cpcor,-9.570000e-008,
37-11002,CC_wbotc,6.542466e-007,
