serial,name,value,notes
37-13542,CC_a0,-1.403543e-004,source_file: 13542.cal
37-13542,CC_a1,3.145591e-004,
37-13542,CC_a2,-5.082584e-006,
37-13542,CC_a3,2.178723e-007,
37-13542,CC_g,-9.852601e-001,
37-13542,CC_h,1.390296e-001,
37-13542,CC_i,-1.952543e-004,
37-13542,CC_j,3.390750e-005,
37-13542,CC_ctcor,3.250000e-006,
37-13542,CC_cpcor,-9.570000e-008,
37-13542,CC_wbotc,3.439749e-007,
