serial,name,value,notes
37-13469,CC_a0,-1.613288e-04,source: QCT 3305-00116-00211
37-13469,CC_a1,3.172639e-04,
37-13469,CC_a2,-5.233800e-06,
37-13469,CC_a3,2.228369e-07,
37-13469,CC_g,-9.745251e-01,
37-13469,CC_h,1.338287e-01,
37-13469,CC_i,-1.855880e-04,
37-13469,CC_j,2.983712e-05,
37-13469,CC_cpcor,-9.570000e-08,
37-13469,CC_ctcor,3.250000e-06,
37-13469,CC_wbotc,2.776292e-07,
