serial,name,value,notes
37-13469,CC_a0,-8.005379e-05,source: QCT 3305-00116-00111
37-13469,CC_a1,2.976830e-04,
37-13469,CC_a2,-3.662316e-06,
37-13469,CC_a3,1.808318e-07,
37-13469,CC_g,-9.754206e-01,
37-13469,CC_h,1.338724e-01,
37-13469,CC_i,-1.819298e-04,
37-13469,CC_j,3.128011e-05,
37-13469,CC_cpcor,-9.570000e-08,
37-13469,CC_ctcor,3.250000e-06,
37-13469,CC_wbotc,2.776292e-07,
