serial,name,value,notes
37-11123,CC_a0,-1.054065e-05,source_file: 3305-00116-00014-A_SN_37-11123_QCT_Results_METBK-CT.cap
37-11123,CC_a1,2.890297e-04,
37-11123,CC_a2,-3.236911e-06,
37-11123,CC_a3,1.700842e-07,
37-11123,CC_g,-1.002241e+00,
37-11123,CC_h,1.418782e-01,
37-11123,CC_i,-2.593491e-04,
37-11123,CC_j,3.848799e-05,
37-11123,CC_ctcor,3.250000e-06,
37-11123,CC_cpcor,-9.570000e-08,
37-11123,CC_wbotc,4.382868e-07,
