serial,name,value,notes
37-13544,CC_a0,-7.722187e-05,source_file METBK-CT_SN_37-13544_Calibration_Files_2026-01-06.zip > 13544.cal
37-13544,CC_a1,2.979062e-04,
37-13544,CC_a2,-3.665710e-06,
37-13544,CC_a3,1.810108e-07,
37-13544,CC_g,-9.826663e-01,
37-13544,CC_h,1.372860e-01,
37-13544,CC_i,-1.646931e-04,
37-13544,CC_j,3.201314e-05,
37-13544,CC_ctcor,3.250000e-06,
37-13544,CC_cpcor,-9.570000e-08,
37-13544,CC_wbotc,1.556162e-07,
