serial,name,value,notes
37-10903,CC_a0,-8.676975e-05,source: QCT 3305-00116-00118
37-10903,CC_a1,3.108768e-04,
37-10903,CC_a2,-5.074206e-06,
37-10903,CC_a3,2.157772e-07,
37-10903,CC_g,-9.872258e-01,
37-10903,CC_h,1.371220e-01,
37-10903,CC_i,-2.630201e-04,
37-10903,CC_j,3.925933e-05,
37-10903,CC_cpcor,-9.570000e-08,
37-10903,CC_ctcor,3.250000e-06,
37-10903,CC_wbotc,3.101011e-07,
