serial,name,value,notes
37-11000,CC_a0,-4.887684e-05,source: QCT 3305-00116-00129
37-11000,CC_a1,2.946242e-04,
37-11000,CC_a2,-3.566589e-06,
37-11000,CC_a3,1.774608e-07,
37-11000,CC_g,-9.814644e-01,
37-11000,CC_h,1.265826e-01,
37-11000,CC_i,-4.225720e-04,
37-11000,CC_j,4.676616e-05,
37-11000,CC_cpcor,-9.570000e-08,
37-11000,CC_ctcor,3.250000e-06,
37-11000,CC_wbotc,1.133594e-06,
