serial,name,value,notes
37-11003,CC_a0,-9.565201e-005,source_file: 11003.cal
37-11003,CC_a1,3.078776e-004,
37-11003,CC_a2,-4.659321e-006,
37-11003,CC_a3,2.055415e-007,
37-11003,CC_g,-9.936572e-001,
37-11003,CC_h,1.287719e-001,
37-11003,CC_i,-4.213573e-004,
37-11003,CC_j,4.534048e-005,
37-11003,CC_ctcor,3.250000e-006,
37-11003,CC_cpcor,-9.570000e-008,
37-11003,CC_wbotc,5.084183e-007,
