serial,name,value,notes
37-12754,CC_a0,-6.121102e-05,source_file: 3305-00116-00042-A_SN_37-12754_QCT_Results_METBK-CT.cap
37-12754,CC_a1,2.957650e-04,
37-12754,CC_a2,-3.567198e-06,
37-12754,CC_a3,1.784722e-07,
37-12754,CC_g,-9.870519e-01,
37-12754,CC_h,1.703952e-01,
37-12754,CC_i,-5.940384e-04,
37-12754,CC_j,7.352071e-05,
37-12754,CC_ctcor,3.250000e-06,
37-12754,CC_cpcor,-9.570000e-08,
37-12754,CC_wbotc,1.726067e-07,
