serial,name,value,notes
37-11091,CC_a0,-7.119490e-05,source_file: 3305-00116-00049-A_SN_37-11091_QCT_Results_METBK-CT.cap
37-11091,CC_a1,3.011667e-04,
37-11091,CC_a2,-4.108993e-06,
37-11091,CC_a3,1.926811e-07,
37-11091,CC_g,-9.763945e-01,
37-11091,CC_h,1.332680e-01,
37-11091,CC_i,-2.509556e-04,
37-11091,CC_j,3.667031e-05,
37-11091,CC_ctcor,3.250000e-06,
37-11091,CC_cpcor,-9.570000e-08,
37-11091,CC_wbotc,4.610894e-07,
