serial,name,value,notes
37-10906,CC_a0,6.024423e-06,source: QCT 3305-00116-00174
37-10906,CC_a1,2.802371e-04,
37-10906,CC_a2,-2.434804e-06,
37-10906,CC_a3,1.493009e-07,
37-10906,CC_g,-9.773221e-01,
37-10906,CC_h,1.362249e-01,
37-10906,CC_i,-2.093150e-04,
37-10906,CC_j,3.438372e-05,
37-10906,CC_cpcor,-9.570000e-08,
37-10906,CC_ctcor,3.250000e-06,
37-10906,CC_wbotc,5.593731e-07,
