serial,name,value,notes
37-11000,CC_a0,-1.169900e-04,source: QCT 3305-00116-00152
37-11000,CC_a1,3.105408e-04,
37-11000,CC_a2,-4.806391e-06,
37-11000,CC_a3,2.096560e-07,
37-11000,CC_g,-9.796327e-01,
37-11000,CC_h,1.261980e-01,
37-11000,CC_i,-3.584274e-04,
37-11000,CC_j,4.186436e-05,
37-11000,CC_cpcor,-9.570000e-08,
37-11000,CC_ctcor,3.250000e-06,
37-11000,CC_wbotc,1.133594e-06,
