serial,name,value,notes
37-11002,CC_a0,-9.323548e-005,source_file METBK-CT_SN_37-11002_Calibration_Files_2024-05-22.zip > 11002.cal
37-11002,CC_a1,3.091657e-004,
37-11002,CC_a2,-4.810560e-006,
37-11002,CC_a3,2.094698e-007,
37-11002,CC_g,-9.793424e-001,
37-11002,CC_h,1.371368e-001,
37-11002,CC_i,-1.843971e-004,
37-11002,CC_j,3.283940e-005,
37-11002,CC_ctcor,3.250000e-006,
37-11002,CC_cpcor,-9.570000e-008,
37-11002,CC_wbotc,6.542466e-007,
