serial,name,value,notes
37-11003,CC_a0,-8.029052e-05,source_file: 3305-00116-00018-A_SN_37-11003_QCT_Results_METBK-CT.cap
37-11003,CC_a1,3.043701e-04,
37-11003,CC_a2,-4.392540e-06,
37-11003,CC_a3,1.987838e-07,
37-11003,CC_g,-9.903722e-01,
37-11003,CC_h,1.280306e-01,
37-11003,CC_i,-2.648001e-04,
37-11003,CC_j,3.518386e-05,
37-11003,CC_ctcor,3.250000e-06,
37-11003,CC_cpcor,-9.570000e-08,
37-11003,CC_wbotc,5.084184e-07,
