serial,name,value,notes
37-13469,CC_a0,-1.352093e-04,source: QCT 3305-00116-00183
37-13469,CC_a1,3.106837e-04,
37-13469,CC_a2,-4.684019e-06,
37-13469,CC_a3,2.076017e-07,
37-13469,CC_g,-9.730820e-01,
37-13469,CC_h,1.335986e-01,
37-13469,CC_i,-1.782959e-04,
37-13469,CC_j,3.166703e-05,
37-13469,CC_cpcor,-9.570000e-08,
37-13469,CC_ctcor,3.250000e-06,
37-13469,CC_wbotc,2.776292e-07,
