serial,name,value,notes
37-10903,CC_a0,-6.416556e-05,source: QCT 3305-00116-00160
37-10903,CC_a1,3.054810e-04,
37-10903,CC_a2,-4.645884e-06,
37-10903,CC_a3,2.044693e-07,
37-10903,CC_g,-9.958259e-01,
37-10903,CC_h,1.383314e-01,
37-10903,CC_i,-2.716559e-04,
37-10903,CC_j,4.123749e-05,
37-10903,CC_cpcor,-9.570000e-08,
37-10903,CC_ctcor,3.250000e-06,
37-10903,CC_wbotc,3.101011e-07,
