serial,name,value,notes
37-11559,CC_a0,-1.827955e-04,source: QCT 3305-00116-00159
37-11559,CC_a1,3.269816e-04,
37-11559,CC_a2,-6.187950e-06,
37-11559,CC_a3,2.471124e-07,
37-11559,CC_g,-9.752619e-01,
37-11559,CC_h,1.663400e-01,
37-11559,CC_i,-4.736324e-04,
37-11559,CC_j,6.387916e-05,
37-11559,CC_cpcor,-9.570000e-08,
37-11559,CC_ctcor,3.250000e-06,
37-11559,CC_wbotc,2.746947e-07,
