serial,name,value,notes
37-11116,CC_a0,-7.782482e-05,source_file: 3305-00116-00072-A_SN_37-11116_QCT_Results_METBK-CT.txt
37-11116,CC_a1,3.008822e-04,
37-11116,CC_a2,-4.043570e-06,
37-11116,CC_a3,1.909941e-07,
37-11116,CC_g,-9.769390e-01,
37-11116,CC_h,1.398538e-01,
37-11116,CC_i,-2.559239e-04,
37-11116,CC_j,3.911337e-05,
37-11116,CC_ctcor,3.250000e-06,
37-11116,CC_cpcor,-9.570000e-08,
37-11116,CC_wbotc,4.407768e-07,
