serial,name,value,notes
37-11558,CC_a0,-2.169493e-005,source_file: 11558.cal
37-11558,CC_a1,2.895063e-004,
37-11558,CC_a2,-3.186372e-006,
37-11558,CC_a3,1.664552e-007,
37-11558,CC_g,-9.835406e-001,
37-11558,CC_h,1.677262e-001,
37-11558,CC_i,-6.110821e-004,
37-11558,CC_j,7.681607e-005,
37-11558,CC_ctcor,3.250000e-006,
37-11558,CC_cpcor,-9.570000e-008,
37-11558,CC_wbotc,4.803211e-007,
