serial,name,value,notes
37-11559,CC_a0,-1.071872e-004,source: 11559.cal
37-11559,CC_a1,3.089655e-004,
37-11559,CC_a2,-4.757655e-006,
37-11559,CC_a3,2.092832e-007,
37-11559,CC_g,-9.755516e-001,
37-11559,CC_h,1.664747e-001,
37-11559,CC_i,-5.125529e-004,
37-11559,CC_j,6.525034e-005,
37-11559,CC_cpcor,-9.570000e-008,
37-11559,CC_ctcor,3.250000e-006,
37-11559,CC_wbotc,2.746947e-007,
