serial,name,value,notes
37SM61212-8028,CC_a0,-1.217574e-04,source_file: 3305-00116-00088-A_SN_37SM61212-8028_QCT_Results_METBK-CT.cap
37SM61212-8028,CC_a1,3.120652e-04,
37SM61212-8028,CC_a2,-4.903416e-06,
37SM61212-8028,CC_a3,2.112206e-07,
37SM61212-8028,CC_g,-1.030113e+00,
37SM61212-8028,CC_h,1.404162e-01,
37SM61212-8028,CC_i,-1.638249e-04,
37SM61212-8028,CC_j,3.246617e-05,
37SM61212-8028,CC_ctcor,3.250000e-06,
37SM61212-8028,CC_cpcor,-9.570000e-08,
37SM61212-8028,CC_wbotc,0.000000e+00,
