serial,name,value,notes
37-11090,CC_a0,-4.370453e-005,source_file: 11090.cal
37-11090,CC_a1,2.937185e-004,
37-11090,CC_a2,-3.488689e-006,
37-11090,CC_a3,1.743717e-007,
37-11090,CC_g,-9.800405e-001,
37-11090,CC_h,1.397820e-001,
37-11090,CC_i,-3.094086e-004,
37-11090,CC_j,4.384760e-005,
37-11090,CC_ctcor,3.250000e-006,
37-11090,CC_cpcor,-9.570000e-008,
37-11090,CC_wbotc,2.827399e-007,
