serial,name,value,notes
37-11559,CC_a0,-6.541732e-05,source: QCT 3305-00116-00131
37-11559,CC_a1,2.991808e-04,
37-11559,CC_a2,-3.994078e-06,
37-11559,CC_a3,1.894315e-07,
37-11559,CC_g,-9.749689e-01,
37-11559,CC_h,1.662323e-01,
37-11559,CC_i,-4.427452e-04,
37-11559,CC_j,6.102849e-05,
37-11559,CC_cpcor,-9.570000e-08,
37-11559,CC_ctcor,3.250000e-06,
37-11559,CC_wbotc,2.746947e-07,
