serial,name,value,notes
37-13545,CC_a0,-1.131541e-004,source_file: 13545.cal
37-13545,CC_a1,3.077616e-004,
37-13545,CC_a2,-4.583748e-006,
37-13545,CC_a3,2.063132e-007,
37-13545,CC_g,-9.787198e-001,
37-13545,CC_h,1.330514e-001,
37-13545,CC_i,-1.329480e-004,
37-13545,CC_j,2.822688e-005,
37-13545,CC_ctcor,3.250000e-006,
37-13545,CC_cpcor,-9.570000e-008,
37-13545,CC_wbotc,3.070567e-008,
