serial,name,value,notes
37-10903,CC_a0,-5.237890e-05,source: QCT 3305-00116-00100
37-10903,CC_a1,3.026185e-04,
37-10903,CC_a2,-4.414067e-06,
37-10903,CC_a3,1.982116e-07,
37-10903,CC_g,-9.868003e-01,
37-10903,CC_h,1.371306e-01,
37-10903,CC_i,-2.897488e-04,
37-10903,CC_j,4.129105e-05,
37-10903,CC_cpcor,-9.570000e-08,
37-10903,CC_ctcor,3.250000e-06,
37-10903,CC_wbotc,3.101011e-07,
