serial,name,value,notes
37-13544,CC_a0,-9.041800e-005,source_file: 13544.cal
37-13544,CC_a1,3.015006e-004,
37-13544,CC_a2,-3.984919e-006,
37-13544,CC_a3,1.902944e-007,
37-13544,CC_g,-9.826573e-001,
37-13544,CC_h,1.372908e-001,
37-13544,CC_i,-1.637107e-004,
37-13544,CC_j,3.125177e-005,
37-13544,CC_ctcor,3.250000e-006,
37-13544,CC_cpcor,-9.570000e-008,
37-13544,CC_wbotc,1.556162e-007,
