serial,name,value,notes
37-13472,CC_a0,-1.995038e-004,source_file: 13472.cal
37-13472,CC_a1,3.248287e-004,
37-13472,CC_a2,-5.718717e-006,
37-13472,CC_a3,2.340251e-007,
37-13472,CC_g,-9.793252e-001,
37-13472,CC_h,1.321525e-001,
37-13472,CC_i,-1.377525e-004,
37-13472,CC_j,2.865467e-005,
37-13472,CC_ctcor,3.250000e-006,
37-13472,CC_cpcor,-9.570000e-008,
37-13472,CC_wbotc,-3.059179e-008,
