serial,name,value,notes
37-11090,CC_a0,-1.233927e-004,source_file: 11090.cal
37-11090,CC_a1,3.131041e-004,
37-11090,CC_a2,-5.056132e-006,
37-11090,CC_a3,2.164972e-007,
37-11090,CC_g,-1.014477e+000,
37-11090,CC_h,1.443887e-001,
37-11090,CC_i,-1.695599e-004,
37-11090,CC_j,3.413202e-005,
37-11090,CC_ctcor,3.250000e-006,
37-11090,CC_cpcor,-9.570000e-008,
37-11090,CC_wbotc,2.827399e-007,
