serial,name,value,notes
37-13471,CC_a0,-4.191137e-05,source: QCT 3305-00116-00172
37-13471,CC_a1,2.939112e-04,
37-13471,CC_a2,-3.507166e-06,
37-13471,CC_a3,1.761059e-07,
37-13471,CC_g,-9.789342e-01,
37-13471,CC_h,1.354450e-01,
37-13471,CC_i,-1.427851e-04,
37-13471,CC_j,2.890883e-05,
37-13471,CC_cpcor,-9.570000e-08,
37-13471,CC_ctcor,3.250000e-06,
37-13471,CC_wbotc,4.336702e-07,
