serial,name,value,notes
37-11000,CC_a0,-1.054887e-04,source: QCT 3305-00116-00067
37-11000,CC_a1,3.079803e-04,
37-11000,CC_a2,-4.616881e-06,
37-11000,CC_a3,2.049897e-07,
37-11000,CC_g,-9.814665e-01,
37-11000,CC_h,1.264456e-01,
37-11000,CC_i,-3.616864e-04,
37-11000,CC_j,4.211820e-05,
37-11000,CC_cpcor,-9.570000e-08,
37-11000,CC_ctcor,3.250000e-06,
37-11000,CC_wbotc,1.133594e-06,
