serial,name,value,notes
37-10138,CC_a0,-1.747762e-004,source_file METBK-CT_SN_37-10138_Calibration_Files_2025-01-09.zip > 10138.cal
37-10138,CC_a1,3.196389e-004,
37-10138,CC_a2,-5.308600e-006,
37-10138,CC_a3,2.224029e-007,
37-10138,CC_g,-9.722467e-001,
37-10138,CC_h,1.488092e-001,
37-10138,CC_i,-3.769191e-004,
37-10138,CC_j,4.844051e-005,
37-10138,CC_ctcor,3.250000e-006,
37-10138,CC_cpcor,-9.570000e-008,
37-10138,CC_wbotc,-2.602442e-007,
