serial,name,value,notes
37-10905,CC_a0,-7.323918e-05,source: QCT 3305-00116-00169
37-10905,CC_a1,3.008610e-04,
37-10905,CC_a2,-4.073471e-06,
37-10905,CC_a3,1.904728e-07,
37-10905,CC_g,-9.825640e-01,
37-10905,CC_h,1.341006e-01,
37-10905,CC_i,-1.698874e-04,
37-10905,CC_j,3.134709e-05,
37-10905,CC_cpcor,-9.570000e-08,
37-10905,CC_ctcor,3.250000e-06,
37-10905,CC_wbotc,4.306288e-07,
