serial,name,value,notes
37-13468,CC_a0,-1.344998e-04,source: QCT 3305-00116-00194
37-13468,CC_a1,3.095891e-04,
37-13468,CC_a2,-4.506952e-06,
37-13468,CC_a3,2.036587e-07,
37-13468,CC_g,-9.872869e-01,
37-13468,CC_h,1.373904e-01,
37-13468,CC_i,-2.405573e-04,
37-13468,CC_j,3.633653e-05,
37-13468,CC_cpcor,-9.570000e-08,
37-13468,CC_ctcor,3.250000e-06,
37-13468,CC_wbotc,1.552126e-07,
