serial,name,value,notes
37-13545,CC_a0,-1.286758e-04,source_file: 3305-00116-00052-A_SN_37-13545_QCT_Results_METBK-CT.txt
37-13545,CC_a1,3.111894e-04,
37-13545,CC_a2,-4.834667e-06,
37-13545,CC_a3,2.124061e-07,
37-13545,CC_g,-9.796593e-01,
37-13545,CC_h,1.333505e-01,
37-13545,CC_i,-2.143697e-04,
37-13545,CC_j,3.453240e-05,
37-13545,CC_ctcor,3.250000e-06,
37-13545,CC_cpcor,-9.570000e-08,
37-13545,CC_wbotc,3.070567e-08,
