serial,name,value,notes
37-11091,CC_a0,-1.503989e-005,source_file: 11091.cal
37-11091,CC_a1,2.879674e-004,
37-11091,CC_a2,-3.075189e-006,
37-11091,CC_a3,1.656966e-007,
37-11091,CC_g,-9.760199e-001,
37-11091,CC_h,1.331939e-001,
37-11091,CC_i,-2.435019e-004,
37-11091,CC_j,3.614733e-005,
37-11091,CC_ctcor,3.250000e-006,
37-11091,CC_cpcor,-9.570000e-008,
37-11091,CC_wbotc,4.610894e-007,
