serial,name,value,notes
37-11000,CC_a0,-9.958928e-05,source: QCT 3305-00116-00017
37-11000,CC_a1,3.064509e-04,
37-11000,CC_a2,-4.485285e-06,
37-11000,CC_a3,2.012309e-07,
37-11000,CC_g,-9.788344e-01,
37-11000,CC_h,1.258177e-01,
37-11000,CC_i,-2.267734e-04,
37-11000,CC_j,3.285872e-05,
37-11000,CC_cpcor,-9.570000e-08,
37-11000,CC_ctcor,3.250000e-06,
37-11000,CC_wbotc,1.133594e-06,
