serial,name,value,notes
37-11117,CC_a0,-9.845817e-005,source_file: 11117.cal
37-11117,CC_a1,3.071550e-004,
37-11117,CC_a2,-4.615942e-006,
37-11117,CC_a3,2.064520e-007,
37-11117,CC_g,-9.888585e-001,
37-11117,CC_h,1.341522e-001,
37-11117,CC_i,-1.324318e-004,
37-11117,CC_j,2.796491e-005,
37-11117,CC_ctcor,3.250000e-006,
37-11117,CC_cpcor,-9.570000e-008,
37-11117,CC_wbotc,4.601398e-007,
