serial,name,value,notes
37-11001,CC_a0,-1.168522e-04,source_file: 3305-00116-00016-A_SN_37-11001_QCT_Results_METBK-CT.cap
37-11001,CC_a1,3.091116e-04,
37-11001,CC_a2,-4.585825e-06,
37-11001,CC_a3,2.049044e-07,
37-11001,CC_g,-9.952471e-01,
37-11001,CC_h,1.388518e-01,
37-11001,CC_i,-1.109949e-04,
37-11001,CC_j,2.801446e-05,
37-11001,CC_ctcor,3.250000e-06,
37-11001,CC_cpcor,-9.570000e-08,
37-11001,CC_wbotc,8.089786e-07,
