serial,name,value,notes
37-13544,CC_a0,-1.186080e-004,source_file: 13544.cal
37-13544,CC_a1,3.078779e-004,
37-13544,CC_a2,-4.466305e-006,
37-13544,CC_a3,2.024302e-007,
37-13544,CC_g,-9.833319e-001,
37-13544,CC_h,1.374260e-001,
37-13544,CC_i,-1.779800e-004,
37-13544,CC_j,3.193888e-005,
37-13544,CC_ctcor,3.250000e-006,
37-13544,CC_cpcor,-9.570000e-008,
37-13544,CC_wbotc,1.556162e-007,
