serial,name,value,notes
37-13544,CC_a0,-1.839636e-004,source_file: 13544.cal
37-13544,CC_a1,3.234039e-004,
37-13544,CC_a2,-5.694248e-006,
37-13544,CC_a3,2.347610e-007,
37-13544,CC_g,-9.830227e-001,
37-13544,CC_h,1.373365e-001,
37-13544,CC_i,-1.612918e-004,
37-13544,CC_j,3.130518e-005,
37-13544,CC_ctcor,3.250000e-006,
37-13544,CC_cpcor,-9.570000e-008,
37-13544,CC_wbotc,1.556162e-007,
