serial,name,value,notes
37-12758,CC_a0,-8.441291e-005,source_file: 12758.cal
37-12758,CC_a1,2.988520e-004,
37-12758,CC_a2,-3.758788e-006,
37-12758,CC_a3,1.837390e-007,
37-12758,CC_g,-9.794001e-001,
37-12758,CC_h,1.554156e-001,
37-12758,CC_i,-2.409934e-004,
37-12758,CC_j,4.285636e-005,
37-12758,CC_ctcor,3.250000e-006,
37-12758,CC_cpcor,-9.570000e-008,
37-12758,CC_wbotc,2.321641e-007,
